report_date,killed_cum,killed_children_cum,injured_cum,injured_children_cum,settler_attacks_cum,flash_source,verified.killed,verified.killed_cum,verified.injured,verified.injured_cum,verified.killed_children,verified.killed_children_cum,verified.injured_children,verified.injured_children_cum,region,fetched_at
2023-10-07,3,0,23,1,3,un,6.0,6.0,197.0,197.0,2.0,2.0,31.0,31.0,West Bank,2025-07-31
2023-10-08,13,1,194,1,9,un,8.0,14.0,127.0,324.0,3.0,5.0,7.0,38.0,West Bank,2025-07-31
2023-10-09,15,3,295,34,19,un,4.0,18.0,88.0,412.0,0.0,5.0,19.0,57.0,West Bank,2025-07-31
2023-10-10,19,3,332,39,29,un,5.0,23.0,72.0,484.0,0.0,5.0,7.0,64.0,West Bank,2025-07-31
2023-10-11,26,3,427,62,39,un,6.0,29.0,85.0,569.0,2.0,7.0,17.0,81.0,West Bank,2025-07-31
2023-10-12,33,5,500,81,49,un,7.0,36.0,49.0,618.0,0.0,7.0,11.0,92.0,West Bank,2025-07-31
2023-10-13,43,8,700,92,63,un,17.0,53.0,613.0,1231.0,6.0,13.0,27.0,119.0,West Bank,2025-07-31
2023-10-14,54,13,1150,106,67,un,3.0,56.0,13.0,1244.0,2.0,15.0,1.0,120.0,West Bank,2025-07-31
2023-10-15,61,15,1173,113,70,un,2.0,58.0,18.0,1262.0,1.0,16.0,2.0,122.0,West Bank,2025-07-31
2023-10-16,61,15,1176,113,70,un,2.0,60.0,23.0,1285.0,0.0,16.0,0.0,122.0,West Bank,2025-07-31
2023-10-17,61,16,1230,117,82,un,3.0,63.0,54.0,1339.0,0.0,16.0,4.0,126.0,West Bank,2025-07-31
2023-10-18,64,18,1264,122,86,un,4.0,67.0,150.0,1489.0,2.0,18.0,6.0,132.0,West Bank,2025-07-31
2023-10-19,79,20,1404,129,100,un,15.0,82.0,160.0,1649.0,7.0,25.0,9.0,141.0,West Bank,2025-07-31
2023-10-20,88,26,1404,134,102,un,2.0,84.0,88.0,1737.0,2.0,27.0,13.0,154.0,West Bank,2025-07-31
2023-10-21,88,27,1658,150,103,un,2.0,86.0,57.0,1794.0,0.0,27.0,3.0,157.0,West Bank,2025-07-31
2023-10-22,91,27,1704,157,113,un,8.0,94.0,75.0,1869.0,2.0,29.0,4.0,161.0,West Bank,2025-07-31
2023-10-23,95,28,1708,157,120,un,2.0,96.0,12.0,1881.0,0.0,29.0,1.0,162.0,West Bank,2025-07-31
2023-10-24,95,28,1803,160,136,un,1.0,97.0,9.0,1890.0,0.0,29.0,0.0,162.0,West Bank,2025-07-31
2023-10-25,102,31,1859,160,138,un,6.0,103.0,87.0,1977.0,4.0,33.0,4.0,166.0,West Bank,2025-07-31
2023-10-26,103,32,1916,168,146,un,2.0,105.0,31.0,2008.0,1.0,34.0,5.0,171.0,West Bank,2025-07-31
2023-10-27,108,33,1970,174,146,un,4.0,109.0,91.0,2099.0,1.0,35.0,18.0,189.0,West Bank,2025-07-31
2023-10-28,109,33,2011,180,154,un,1.0,110.0,31.0,2130.0,0.0,35.0,3.0,192.0,West Bank,2025-07-31
2023-10-29,115,33,2150,193,167,un,5.0,115.0,74.0,2204.0,0.0,35.0,10.0,202.0,West Bank,2025-07-31
2023-10-30,121,33,2158,201,171,un,7.0,122.0,70.0,2274.0,2.0,37.0,27.0,229.0,West Bank,2025-07-31
2023-10-31,123,34,2159,201,178,un,3.0,125.0,25.0,2299.0,2.0,39.0,9.0,238.0,West Bank,2025-07-31
2023-11-01,128,35,2214,234,186,un,4.0,129.0,29.0,2328.0,0.0,39.0,3.0,241.0,West Bank,2025-07-31
2023-11-02,132,41,2221,236,186,un,9.0,138.0,43.0,2371.0,3.0,42.0,1.0,242.0,West Bank,2025-07-31
2023-11-03,135,42,2309,239,195,un,7.0,145.0,24.0,2395.0,2.0,44.0,7.0,249.0,West Bank,2025-07-31
2023-11-04,136,43,2362,241,198,un,1.0,146.0,14.0,2409.0,0.0,44.0,0.0,249.0,West Bank,2025-07-31
2023-11-05,141,43,2386,244,202,un,5.0,151.0,21.0,2430.0,1.0,45.0,1.0,250.0,West Bank,2025-07-31
2023-11-06,147,44,2404,248,208,un,7.0,158.0,24.0,2454.0,1.0,46.0,3.0,253.0,West Bank,2025-07-31
2023-11-07,150,44,2439,251,218,un,2.0,160.0,24.0,2478.0,0.0,46.0,3.0,256.0,West Bank,2025-07-31
2023-11-08,150,44,2461,253,222,un,1.0,161.0,122.0,2600.0,0.0,46.0,8.0,264.0,West Bank,2025-07-31
2023-11-09,167,45,2558,253,230,un,18.0,179.0,94.0,2694.0,4.0,50.0,7.0,271.0,West Bank,2025-07-31
2023-11-10,168,46,2618,253,233,un,1.0,180.0,6.0,2700.0,1.0,51.0,1.0,272.0,West Bank,2025-07-31
2023-11-11,169,46,2630,262,235,un,2.0,182.0,22.0,2722.0,0.0,51.0,4.0,276.0,West Bank,2025-07-31
2023-11-12,172,46,2630,267,241,un,1.0,183.0,9.0,2731.0,0.0,51.0,2.0,278.0,West Bank,2025-07-31
2023-11-13,173,46,2630,275,241,un,8.0,191.0,27.0,2758.0,0.0,51.0,3.0,281.0,West Bank,2025-07-31
2023-11-14,182,46,2654,278,244,un,2.0,193.0,8.0,2766.0,1.0,52.0,2.0,283.0,West Bank,2025-07-31
2023-11-15,183,47,2659,279,246,un,0.0,193.0,4.0,2770.0,0.0,52.0,1.0,284.0,West Bank,2025-07-31
2023-11-16,186,51,2665,282,248,un,6.0,199.0,28.0,2798.0,0.0,52.0,5.0,289.0,West Bank,2025-07-31
2023-11-17,191,51,2688,287,251,un,2.0,201.0,14.0,2812.0,0.0,52.0,2.0,291.0,West Bank,2025-07-31
2023-11-18,198,52,2782,347,253,un,6.0,207.0,90.0,2902.0,1.0,53.0,60.0,351.0,West Bank,2025-07-31
2023-11-19,200,52,2807,355,254,un,2.0,209.0,25.0,2927.0,0.0,53.0,7.0,358.0,West Bank,2025-07-31
2023-11-20,201,52,2815,355,256,un,2.0,211.0,8.0,2935.0,0.0,53.0,0.0,358.0,West Bank,2025-07-31
2023-11-21,201,52,2818,355,271,un,7.0,218.0,16.0,2951.0,0.0,53.0,4.0,362.0,West Bank,2025-07-31
2023-11-22,209,52,2836,364,277,un,3.0,221.0,38.0,2989.0,1.0,54.0,4.0,366.0,West Bank,2025-07-31
2023-11-23,211,54,2874,364,281,un,2.0,223.0,13.0,3002.0,1.0,55.0,2.0,368.0,West Bank,2025-07-31
2023-11-24,213,55,2885,364,281,un,2.0,225.0,39.0,3041.0,0.0,55.0,4.0,372.0,West Bank,2025-07-31
2023-11-25,215,55,2885,364,281,un,7.0,232.0,46.0,3087.0,4.0,59.0,8.0,380.0,West Bank,2025-07-31
2023-11-26,222,58,2995,369,284,un,1.0,233.0,126.0,3213.0,0.0,59.0,117.0,497.0,West Bank,2025-07-31
2023-11-27,231,59,3184,496,287,un,0.0,233.0,5.0,3218.0,0.0,59.0,2.0,499.0,West Bank,2025-07-31
2023-11-28,232,61,3192,500,287,un,7.0,240.0,36.0,3254.0,4.0,63.0,11.0,510.0,West Bank,2025-07-31
2023-11-29,238,63,3224,508,295,un,0.0,240.0,13.0,3267.0,0.0,63.0,0.0,510.0,West Bank,2025-07-31
2023-11-30,241,63,3283,509,299,un,2.0,242.0,52.0,3319.0,0.0,63.0,1.0,511.0,West Bank,2025-07-31
2023-12-01,241,63,3327,509,302,un,0.0,242.0,44.0,3363.0,0.0,63.0,1.0,512.0,West Bank,2025-07-31
2023-12-02,243,65,3368,516,305,un,3.0,245.0,49.0,3412.0,2.0,65.0,11.0,523.0,West Bank,2025-07-31
2023-12-03,244,65,3379,520,308,un,1.0,246.0,3.0,3415.0,0.0,65.0,2.0,525.0,West Bank,2025-07-31
2023-12-04,246,65,3415,520,314,un,5.0,251.0,37.0,3452.0,0.0,65.0,6.0,531.0,West Bank,2025-07-31
2023-12-05,249,65,3427,528,318,un,1.0,252.0,30.0,3482.0,0.0,65.0,6.0,537.0,West Bank,2025-07-31
2023-12-06,253,66,3443,530,318,un,5.0,257.0,27.0,3509.0,2.0,67.0,1.0,538.0,West Bank,2025-07-31
2023-12-07,256,67,3470,533,320,un,1.0,258.0,35.0,3544.0,0.0,67.0,11.0,549.0,West Bank,2025-07-31
2023-12-08,263,68,3489,535,330,un,6.0,264.0,36.0,3580.0,1.0,68.0,2.0,551.0,West Bank,2025-07-31
2023-12-09,265,69,3533,535,331,un,3.0,267.0,29.0,3609.0,1.0,69.0,0.0,551.0,West Bank,2025-07-31
2023-12-10,265,69,3533,535,331,un,0.0,267.0,9.0,3618.0,0.0,69.0,2.0,553.0,West Bank,2025-07-31
2023-12-11,265,69,3574,535,331,un,0.0,267.0,5.0,3623.0,0.0,69.0,2.0,555.0,West Bank,2025-07-31
2023-12-12,271,69,3584,541,336,un,11.0,278.0,106.0,3729.0,3.0,72.0,5.0,560.0,West Bank,2025-07-31
2023-12-13,271,69,3591,541,343,un,0.0,278.0,5.0,3734.0,0.0,72.0,1.0,561.0,West Bank,2025-07-31
2023-12-14,276,70,3605,549,343,un,0.0,278.0,17.0,3751.0,0.0,72.0,3.0,564.0,West Bank,2025-07-31
2023-12-15,278,70,3710,552,344,un,1.0,279.0,9.0,3760.0,0.0,72.0,2.0,566.0,West Bank,2025-07-31
2023-12-16,278,70,3710,552,344,un,8.0,287.0,10.0,3770.0,1.0,73.0,4.0,570.0,West Bank,2025-07-31
2023-12-17,290,73,3710,552,344,fill,1.0,288.0,8.0,3778.0,0.0,73.0,2.0,572.0,West Bank,2025-07-31
2023-12-18,291,75,3740,561,347,un,4.0,292.0,11.0,3789.0,2.0,75.0,3.0,575.0,West Bank,2025-07-31
2023-12-19,291,75,3765,562,351,un,0.0,292.0,20.0,3809.0,0.0,75.0,0.0,575.0,West Bank,2025-07-31
2023-12-20,291,75,3771,562,353,un,2.0,294.0,20.0,3829.0,1.0,76.0,4.0,579.0,West Bank,2025-07-31
2023-12-21,293,76,3907,575,353,un,0.0,294.0,53.0,3882.0,0.0,76.0,2.0,581.0,West Bank,2025-07-31
2023-12-22,293,76,3907,575,353,un,0.0,294.0,8.0,3890.0,0.0,76.0,1.0,582.0,West Bank,2025-07-31
2023-12-23,293,76,3907,575,355,fill,0.0,294.0,1.0,3891.0,0.0,76.0,0.0,582.0,West Bank,2025-07-31
2023-12-24,293,76,3907,575,358,fill,0.0,294.0,4.0,3895.0,0.0,76.0,1.0,583.0,West Bank,2025-07-31
2023-12-25,293,76,3907,575,361,fill,0.0,294.0,11.0,3906.0,0.0,76.0,1.0,584.0,West Bank,2025-07-31
2023-12-26,295,77,3909,576,367,un,2.0,296.0,4.0,3910.0,1.0,77.0,1.0,585.0,West Bank,2025-07-31
2023-12-27,300,79,3909,576,367,un,7.0,303.0,16.0,3926.0,2.0,79.0,3.0,588.0,West Bank,2025-07-31
2023-12-28,304,79,3915,580,370,un,4.0,307.0,33.0,3959.0,0.0,79.0,4.0,592.0,West Bank,2025-07-31
2023-12-29,307,79,3925,582,370,un,2.0,309.0,29.0,3988.0,2.0,81.0,8.0,600.0,West Bank,2025-07-31
2023-12-30,307,79,3925,582,370,un,1.0,310.0,3.0,3991.0,0.0,81.0,0.0,600.0,West Bank,2025-07-31
2023-12-31,307,79,3925,582,370,fill,0.0,310.0,27.0,4018.0,0.0,81.0,2.0,602.0,West Bank,2025-07-31
2024-01-01,307,79,3925,582,370,fill,0.0,310.0,0.0,4018.0,0.0,81.0,0.0,602.0,West Bank,2025-07-31
2024-01-02,313,80,4052,593,372,un,4.0,314.0,12.0,4030.0,0.0,81.0,0.0,602.0,West Bank,2025-07-31
2024-01-03,313,80,4052,593,376,un,0.0,314.0,30.0,4060.0,0.0,81.0,7.0,609.0,West Bank,2025-07-31
2024-01-04,314,80,4052,593,381,un,1.0,315.0,5.0,4065.0,0.0,81.0,0.0,609.0,West Bank,2025-07-31
2024-01-05,315,81,4052,604,381,un,1.0,316.0,6.0,4071.0,1.0,82.0,1.0,610.0,West Bank,2025-07-31
2024-01-06,322,82,4052,604,381,fill,7.0,323.0,10.0,4081.0,1.0,83.0,2.0,612.0,West Bank,2025-07-31
2024-01-07,326,84,4052,606,381,un,4.0,327.0,16.0,4097.0,1.0,84.0,9.0,621.0,West Bank,2025-07-31
2024-01-08,329,84,4068,614,386,un,3.0,330.0,16.0,4113.0,0.0,84.0,3.0,624.0,West Bank,2025-07-31
2024-01-09,330,84,4097,622,391,un,1.0,331.0,19.0,4132.0,0.0,84.0,5.0,629.0,West Bank,2025-07-31
2024-01-10,331,84,4148,627,396,un,1.0,332.0,56.0,4188.0,0.0,84.0,7.0,636.0,West Bank,2025-07-31
2024-01-11,332,84,4157,630,404,un,1.0,333.0,2.0,4190.0,0.0,84.0,0.0,636.0,West Bank,2025-07-31
2024-01-12,333,84,4176,631,413,un,4.0,337.0,3.0,4193.0,1.0,85.0,2.0,638.0,West Bank,2025-07-31
2024-01-13,333,84,4176,631,413,fill,0.0,337.0,19.0,4212.0,0.0,85.0,4.0,642.0,West Bank,2025-07-31
2024-01-14,339,88,4197,635,413,un,5.0,342.0,7.0,4219.0,3.0,88.0,1.0,643.0,West Bank,2025-07-31
2024-01-15,344,88,4212,637,421,un,3.0,345.0,19.0,4238.0,0.0,88.0,6.0,649.0,West Bank,2025-07-31
2024-01-16,344,88,4215,642,430,un,0.0,345.0,16.0,4254.0,0.0,88.0,1.0,650.0,West Bank,2025-07-31
2024-01-17,355,90,4234,643,431,un,13.0,358.0,58.0,4312.0,3.0,91.0,2.0,652.0,West Bank,2025-07-31
2024-01-18,357,90,4252,645,433,un,0.0,358.0,13.0,4325.0,0.0,91.0,2.0,654.0,West Bank,2025-07-31
2024-01-19,358,91,4310,647,439,un,1.0,359.0,9.0,4334.0,1.0,92.0,0.0,654.0,West Bank,2025-07-31
2024-01-20,358,91,4310,647,439,fill,0.0,359.0,5.0,4339.0,0.0,92.0,0.0,654.0,West Bank,2025-07-31
2024-01-21,358,91,4313,647,441,un,0.0,359.0,6.0,4345.0,0.0,92.0,1.0,655.0,West Bank,2025-07-31
2024-01-22,358,91,4334,654,444,un,1.0,360.0,15.0,4360.0,1.0,93.0,4.0,659.0,West Bank,2025-07-31
2024-01-23,360,92,4348,656,452,un,1.0,361.0,5.0,4365.0,0.0,93.0,1.0,660.0,West Bank,2025-07-31
2024-01-24,360,92,4353,657,456,un,0.0,361.0,4.0,4369.0,0.0,93.0,0.0,660.0,West Bank,2025-07-31
2024-01-25,361,92,4354,657,457,un,1.0,362.0,3.0,4372.0,0.0,93.0,0.0,660.0,West Bank,2025-07-31
2024-01-26,361,92,4358,657,460,un,1.0,363.0,3.0,4375.0,0.0,93.0,0.0,660.0,West Bank,2025-07-31
2024-01-27,361,92,4358,657,460,un,0.0,363.0,0.0,4375.0,0.0,93.0,0.0,660.0,West Bank,2025-07-31
2024-01-28,362,92,4366,657,464,un,0.0,363.0,5.0,4380.0,0.0,93.0,0.0,660.0,West Bank,2025-07-31
2024-01-29,367,94,4382,660,472,un,5.0,368.0,9.0,4389.0,1.0,94.0,1.0,661.0,West Bank,2025-07-31
2024-01-30,370,94,4386,660,477,un,3.0,371.0,1.0,4390.0,0.0,94.0,0.0,661.0,West Bank,2025-07-31
2024-01-31,370,94,4387,660,494,un,0.0,371.0,1.0,4391.0,0.0,94.0,0.0,661.0,West Bank,2025-07-31
2024-02-01,372,94,4391,661,494,un,0.0,371.0,7.0,4398.0,0.0,94.0,2.0,663.0,West Bank,2025-07-31
2024-02-02,372,94,4391,661,495,un,0.0,371.0,2.0,4400.0,0.0,94.0,0.0,663.0,West Bank,2025-07-31
2024-02-03,372,94,4391,661,495,fill,0.0,371.0,12.0,4412.0,0.0,94.0,4.0,667.0,West Bank,2025-07-31
2024-02-04,372,94,4408,669,498,un,0.0,371.0,5.0,4417.0,0.0,94.0,3.0,670.0,West Bank,2025-07-31
2024-02-05,373,95,4415,670,506,un,1.0,372.0,2.0,4419.0,1.0,95.0,1.0,671.0,West Bank,2025-07-31
2024-02-06,374,96,4417,670,507,un,1.0,373.0,1.0,4420.0,0.0,95.0,0.0,671.0,West Bank,2025-07-31
2024-02-07,377,96,4426,670,512,un,3.0,376.0,12.0,4432.0,0.0,95.0,1.0,672.0,West Bank,2025-07-31
2024-02-08,383,96,4433,671,514,un,2.0,378.0,19.0,4451.0,0.0,95.0,5.0,677.0,West Bank,2025-07-31
2024-02-09,384,97,4443,672,516,un,1.0,379.0,6.0,4457.0,1.0,96.0,1.0,678.0,West Bank,2025-07-31
2024-02-10,385,98,4443,672,516,fill,1.0,380.0,10.0,4467.0,1.0,97.0,5.0,683.0,West Bank,2025-07-31
2024-02-11,385,98,4444,673,516,fill,1.0,381.0,1.0,4468.0,0.0,97.0,1.0,684.0,West Bank,2025-07-31
2024-02-12,385,98,4444,673,516,fill,1.0,382.0,7.0,4475.0,1.0,98.0,1.0,685.0,West Bank,2025-07-31
2024-02-13,388,99,4475,686,527,un,1.0,383.0,3.0,4478.0,0.0,98.0,2.0,687.0,West Bank,2025-07-31
2024-02-14,388,99,4475,686,532,un,1.0,384.0,20.0,4498.0,1.0,99.0,10.0,697.0,West Bank,2025-07-31
2024-02-15,389,100,4499,697,537,un,0.0,384.0,6.0,4504.0,0.0,99.0,1.0,698.0,West Bank,2025-07-31
2024-02-16,389,100,4503,698,552,un,0.0,384.0,4.0,4508.0,0.0,99.0,0.0,698.0,West Bank,2025-07-31
2024-02-17,389,100,4503,698,552,fill,0.0,384.0,2.0,4510.0,0.0,99.0,1.0,699.0,West Bank,2025-07-31
2024-02-18,392,100,4503,698,552,fill,3.0,387.0,6.0,4516.0,0.0,99.0,2.0,701.0,West Bank,2025-07-31
2024-02-19,393,100,4511,699,558,un,0.0,387.0,5.0,4521.0,0.0,99.0,1.0,702.0,West Bank,2025-07-31
2024-02-20,393,100,4522,702,561,un,1.0,388.0,2.0,4523.0,0.0,99.0,0.0,702.0,West Bank,2025-07-31
2024-02-21,394,100,4528,702,573,un,1.0,389.0,1.0,4524.0,1.0,100.0,0.0,702.0,West Bank,2025-07-31
2024-02-22,397,101,4530,702,577,un,4.0,393.0,42.0,4566.0,1.0,101.0,4.0,706.0,West Bank,2025-07-31
2024-02-23,399,102,4545,702,583,un,0.0,393.0,10.0,4576.0,0.0,101.0,1.0,707.0,West Bank,2025-07-31
2024-02-24,399,102,4545,702,583,fill,0.0,393.0,3.0,4579.0,0.0,101.0,0.0,707.0,West Bank,2025-07-31
2024-02-25,399,102,4545,702,583,fill,0.0,393.0,13.0,4592.0,0.0,101.0,0.0,707.0,West Bank,2025-07-31
2024-02-26,400,102,4575,707,586,un,3.0,396.0,4.0,4596.0,0.0,101.0,0.0,707.0,West Bank,2025-07-31
2024-02-27,403,102,4590,708,590,un,2.0,398.0,1.0,4597.0,0.0,101.0,0.0,707.0,West Bank,2025-07-31
2024-02-28,404,102,4592,708,595,un,0.0,398.0,8.0,4605.0,0.0,101.0,1.0,708.0,West Bank,2025-07-31
2024-02-29,406,103,4606,709,601,un,5.0,403.0,9.0,4614.0,1.0,102.0,0.0,708.0,West Bank,2025-07-31
2024-03-01,409,103,4611,709,603,un,0.0,403.0,1.0,4615.0,0.0,102.0,0.0,708.0,West Bank,2025-07-31
2024-03-02,411,105,4612,710,603,fill,2.0,405.0,4.0,4619.0,2.0,104.0,1.0,709.0,West Bank,2025-07-31
2024-03-03,411,105,4612,710,603,fill,0.0,405.0,1.0,4620.0,0.0,104.0,0.0,709.0,West Bank,2025-07-31
2024-03-04,412,106,4623,710,607,un,2.0,407.0,22.0,4642.0,1.0,105.0,2.0,711.0,West Bank,2025-07-31
2024-03-05,413,107,4645,712,615,un,2.0,409.0,6.0,4648.0,1.0,106.0,3.0,714.0,West Bank,2025-07-31
2024-03-06,415,107,4648,712,622,un,1.0,410.0,8.0,4656.0,0.0,106.0,3.0,717.0,West Bank,2025-07-31
2024-03-07,416,107,4658,718,623,un,0.0,410.0,5.0,4661.0,0.0,106.0,0.0,717.0,West Bank,2025-07-31
2024-03-08,417,107,4665,718,624,un,1.0,411.0,5.0,4666.0,0.0,106.0,0.0,717.0,West Bank,2025-07-31
2024-03-09,417,107,4665,718,624,fill,0.0,411.0,3.0,4669.0,0.0,106.0,1.0,718.0,West Bank,2025-07-31
2024-03-10,417,107,4665,718,624,fill,0.0,411.0,1.0,4670.0,0.0,106.0,1.0,719.0,West Bank,2025-07-31
2024-03-11,417,107,4665,718,626,un,2.0,413.0,6.0,4676.0,0.0,106.0,2.0,721.0,West Bank,2025-07-31
2024-03-12,417,107,4665,718,626,fill,3.0,416.0,7.0,4683.0,2.0,108.0,1.0,722.0,West Bank,2025-07-31
2024-03-13,418,107,4680,722,639,un,3.0,419.0,4.0,4687.0,1.0,109.0,1.0,723.0,West Bank,2025-07-31
2024-03-14,418,107,4690,724,645,un,0.0,419.0,0.0,4687.0,0.0,109.0,0.0,723.0,West Bank,2025-07-31
2024-03-15,418,107,4690,724,646,un,1.0,420.0,1.0,4688.0,0.0,109.0,0.0,723.0,West Bank,2025-07-31
2024-03-16,419,107,4690,724,650,fill,1.0,421.0,0.0,4688.0,0.0,109.0,0.0,723.0,West Bank,2025-07-31
2024-03-17,419,107,4690,724,650,fill,0.0,421.0,1.0,4689.0,0.0,109.0,1.0,724.0,West Bank,2025-07-31
2024-03-18,419,107,4690,724,650,un,0.0,421.0,0.0,4689.0,0.0,109.0,0.0,724.0,West Bank,2025-07-31
2024-03-19,420,107,4690,724,658,un,2.0,423.0,0.0,4689.0,0.0,109.0,0.0,724.0,West Bank,2025-07-31
2024-03-20,422,107,4690,724,660,un,7.0,430.0,6.0,4695.0,0.0,109.0,0.0,724.0,West Bank,2025-07-31
2024-03-21,431,107,4690,725,660,un,4.0,434.0,7.0,4702.0,0.0,109.0,0.0,724.0,West Bank,2025-07-31
2024-03-22,434,107,4700,725,660,un,2.0,436.0,5.0,4707.0,0.0,109.0,3.0,727.0,West Bank,2025-07-31
2024-03-23,434,107,4700,725,660,fill,0.0,436.0,0.0,4707.0,0.0,109.0,0.0,727.0,West Bank,2025-07-31
2024-03-24,434,107,4700,725,683,fill,0.0,436.0,5.0,4712.0,0.0,109.0,2.0,729.0,West Bank,2025-07-31
2024-03-25,434,107,4700,725,683,fill,0.0,436.0,9.0,4721.0,0.0,109.0,1.0,730.0,West Bank,2025-07-31
2024-03-26,434,107,4700,725,683,fill,0.0,436.0,3.0,4724.0,0.0,109.0,1.0,731.0,West Bank,2025-07-31
2024-03-27,442,107,4700,725,683,un,4.0,440.0,9.0,4733.0,0.0,109.0,0.0,731.0,West Bank,2025-07-31
2024-03-28,442,107,4700,725,683,fill,0.0,440.0,11.0,4744.0,0.0,109.0,4.0,735.0,West Bank,2025-07-31
2024-03-29,442,107,4700,725,683,fill,0.0,440.0,0.0,4744.0,0.0,109.0,0.0,735.0,West Bank,2025-07-31
2024-03-30,443,108,4700,725,683,fill,1.0,441.0,9.0,4753.0,1.0,110.0,2.0,737.0,West Bank,2025-07-31
2024-03-31,444,108,4700,725,683,fill,0.0,441.0,1.0,4754.0,0.0,110.0,0.0,737.0,West Bank,2025-07-31
2024-04-01,444,110,4760,739,704,un,0.0,441.0,2.0,4756.0,0.0,110.0,0.0,737.0,West Bank,2025-07-31
2024-04-02,444,110,4760,739,704,fill,1.0,442.0,5.0,4761.0,0.0,110.0,0.0,737.0,West Bank,2025-07-31
2024-04-03,444,110,4760,739,704,fill,0.0,442.0,1.0,4762.0,0.0,110.0,0.0,737.0,West Bank,2025-07-31
2024-04-04,444,110,4760,739,704,fill,1.0,443.0,5.0,4767.0,0.0,110.0,3.0,740.0,West Bank,2025-07-31
2024-04-05,444,110,4760,739,704,fill,1.0,444.0,6.0,4773.0,0.0,110.0,2.0,742.0,West Bank,2025-07-31
2024-04-06,444,110,4760,739,704,fill,0.0,444.0,18.0,4791.0,0.0,110.0,2.0,744.0,West Bank,2025-07-31
2024-04-07,444,110,4760,739,704,fill,0.0,444.0,3.0,4794.0,0.0,110.0,0.0,744.0,West Bank,2025-07-31
2024-04-08,444,110,4760,739,704,fill,1.0,445.0,2.0,4796.0,0.0,110.0,0.0,744.0,West Bank,2025-07-31
2024-04-09,444,110,4760,739,704,fill,0.0,445.0,1.0,4797.0,0.0,110.0,0.0,744.0,West Bank,2025-07-31
2024-04-10,444,110,4760,739,704,fill,0.0,445.0,7.0,4804.0,0.0,110.0,0.0,744.0,West Bank,2025-07-31
2024-04-11,444,110,4760,739,704,fill,0.0,445.0,0.0,4804.0,0.0,110.0,0.0,744.0,West Bank,2025-07-31
2024-04-12,444,110,4800,743,727,un,3.0,448.0,36.0,4840.0,0.0,110.0,4.0,748.0,West Bank,2025-07-31
2024-04-13,446,111,4845,743,744,un,1.0,449.0,25.0,4865.0,1.0,111.0,5.0,753.0,West Bank,2025-07-31
2024-04-14,446,111,4845,743,744,fill,0.0,449.0,10.0,4875.0,0.0,111.0,3.0,756.0,West Bank,2025-07-31
2024-04-15,447,112,4845,743,744,un,3.0,452.0,15.0,4890.0,1.0,112.0,2.0,758.0,West Bank,2025-07-31
2024-04-16,447,112,4845,743,744,fill,0.0,452.0,2.0,4892.0,0.0,112.0,0.0,758.0,West Bank,2025-07-31
2024-04-17,455,112,4890,743,774,un,0.0,452.0,2.0,4894.0,0.0,112.0,0.0,758.0,West Bank,2025-07-31
2024-04-18,455,112,4890,743,774,fill,14.0,466.0,50.0,4944.0,3.0,115.0,1.0,759.0,West Bank,2025-07-31
2024-04-19,455,112,4890,743,774,fill,0.0,466.0,6.0,4950.0,0.0,115.0,2.0,761.0,West Bank,2025-07-31
2024-04-20,469,115,4890,743,774,fill,1.0,467.0,3.0,4953.0,0.0,115.0,0.0,761.0,West Bank,2025-07-31
2024-04-21,469,115,4890,743,774,fill,3.0,470.0,6.0,4959.0,0.0,115.0,0.0,761.0,West Bank,2025-07-31
2024-04-22,469,115,4890,743,774,fill,0.0,470.0,6.0,4965.0,0.0,115.0,0.0,761.0,West Bank,2025-07-31
2024-04-23,469,115,4890,743,774,fill,1.0,471.0,5.0,4970.0,0.0,115.0,3.0,764.0,West Bank,2025-07-31
2024-04-24,469,115,4890,743,774,un,1.0,472.0,0.0,4970.0,0.0,115.0,0.0,764.0,West Bank,2025-07-31
2024-04-25,470,116,4974,743,794,fill,1.0,473.0,1.0,4971.0,1.0,116.0,0.0,764.0,West Bank,2025-07-31
2024-04-26,470,116,4974,743,794,fill,0.0,473.0,0.0,4971.0,0.0,116.0,0.0,764.0,West Bank,2025-07-31
2024-04-27,472,116,4974,743,794,fill,2.0,475.0,2.0,4973.0,0.0,116.0,0.0,764.0,West Bank,2025-07-31
2024-04-28,472,116,4974,743,794,fill,0.0,475.0,1.0,4974.0,0.0,116.0,0.0,764.0,West Bank,2025-07-31
2024-04-29,472,116,4974,743,794,fill,0.0,475.0,5.0,4979.0,0.0,116.0,1.0,765.0,West Bank,2025-07-31
2024-04-30,472,116,4974,743,794,fill,0.0,475.0,2.0,4981.0,0.0,116.0,0.0,765.0,West Bank,2025-07-31
2024-05-01,474,116,5000,743,800,un,4.0,479.0,1.0,4982.0,0.0,116.0,0.0,765.0,West Bank,2025-07-31
2024-05-02,474,116,5000,743,800,fill,0.0,479.0,3.0,4985.0,0.0,116.0,1.0,766.0,West Bank,2025-07-31
2024-05-03,474,116,5000,743,800,fill,0.0,479.0,2.0,4987.0,0.0,116.0,1.0,767.0,West Bank,2025-07-31
2024-05-04,479,116,5000,743,800,fill,0.0,479.0,8.0,4995.0,0.0,116.0,3.0,770.0,West Bank,2025-07-31
2024-05-05,479,116,5000,743,800,fill,0.0,479.0,5.0,5000.0,0.0,116.0,2.0,772.0,West Bank,2025-07-31
2024-05-06,479,116,5000,750,800,fill,1.0,480.0,,5015.0,0.0,116.0,,775.0,West Bank,2025-07-31
2024-05-07,480,116,5000,772,800,un,0.0,480.0,0.0,5015.0,0.0,116.0,0.0,775.0,West Bank,2025-07-31
2024-05-08,480,116,5000,772,829,un,0.0,480.0,0.0,5015.0,0.0,116.0,0.0,775.0,West Bank,2025-07-31
2024-05-09,480,116,5000,772,829,fill,0.0,480.0,4.0,5019.0,0.0,116.0,2.0,777.0,West Bank,2025-07-31
2024-05-10,480,116,5000,772,829,fill,0.0,480.0,0.0,5019.0,0.0,116.0,0.0,777.0,West Bank,2025-07-31
2024-05-11,480,116,5000,772,829,fill,0.0,480.0,0.0,5019.0,0.0,116.0,0.0,777.0,West Bank,2025-07-31
2024-05-12,480,116,5000,772,829,fill,1.0,481.0,8.0,5027.0,0.0,116.0,3.0,780.0,West Bank,2025-07-31
2024-05-13,480,116,5000,772,829,fill,0.0,481.0,14.0,5041.0,0.0,116.0,0.0,780.0,West Bank,2025-07-31
2024-05-14,480,116,5000,772,829,fill,0.0,481.0,3.0,5044.0,0.0,116.0,0.0,780.0,West Bank,2025-07-31
2024-05-15,480,116,5040,773,848,un,4.0,485.0,3.0,5047.0,0.0,116.0,1.0,781.0,West Bank,2025-07-31
2024-05-16,480,116,5040,773,848,fill,1.0,486.0,9.0,5056.0,1.0,117.0,3.0,784.0,West Bank,2025-07-31
2024-05-17,480,116,5040,773,848,fill,3.0,489.0,16.0,5072.0,0.0,117.0,2.0,786.0,West Bank,2025-07-31
2024-05-18,480,116,5040,773,848,fill,0.0,489.0,3.0,5075.0,0.0,117.0,1.0,787.0,West Bank,2025-07-31
2024-05-19,480,116,5040,773,848,fill,1.0,490.0,1.0,5076.0,0.0,117.0,0.0,787.0,West Bank,2025-07-31
2024-05-20,489,117,5100,790,896,un,0.0,490.0,3.0,5079.0,0.0,117.0,0.0,787.0,West Bank,2025-07-31
2024-05-21,489,117,5100,790,896,fill,12.0,502.0,23.0,5102.0,4.0,121.0,0.0,787.0,West Bank,2025-07-31
2024-05-22,497,119,5100,790,896,fill,0.0,502.0,0.0,5102.0,0.0,121.0,0.0,787.0,West Bank,2025-07-31
2024-05-23,497,119,5100,790,896,fill,0.0,502.0,3.0,5105.0,0.0,121.0,2.0,789.0,West Bank,2025-07-31
2024-05-24,497,119,5100,790,896,fill,0.0,502.0,2.0,5107.0,0.0,121.0,2.0,791.0,West Bank,2025-07-31
2024-05-25,497,119,5100,790,896,fill,0.0,502.0,6.0,5113.0,0.0,121.0,2.0,793.0,West Bank,2025-07-31
2024-05-26,497,119,5100,790,896,fill,1.0,503.0,5.0,5118.0,1.0,122.0,3.0,796.0,West Bank,2025-07-31
2024-05-27,502,122,5135,797,916,un,0.0,503.0,5.0,5123.0,0.0,122.0,1.0,797.0,West Bank,2025-07-31
2024-05-28,502,122,5135,797,916,fill,0.0,503.0,7.0,5130.0,0.0,122.0,0.0,797.0,West Bank,2025-07-31
2024-05-29,502,122,5135,797,916,fill,0.0,503.0,2.0,5132.0,0.0,122.0,1.0,798.0,West Bank,2025-07-31
2024-05-30,502,122,5135,797,916,fill,1.0,504.0,14.0,5146.0,0.0,122.0,1.0,799.0,West Bank,2025-07-31
2024-05-31,502,122,5135,797,916,fill,0.0,504.0,1.0,5147.0,0.0,122.0,0.0,799.0,West Bank,2025-07-31
2024-06-01,502,122,5135,797,916,fill,0.0,504.0,6.0,5153.0,0.0,122.0,0.0,799.0,West Bank,2025-07-31
2024-06-02,502,122,5135,797,916,fill,2.0,506.0,2.0,5155.0,2.0,124.0,0.0,799.0,West Bank,2025-07-31
2024-06-03,508,124,5150,800,943,un,3.0,509.0,9.0,5164.0,0.0,124.0,0.0,799.0,West Bank,2025-07-31
2024-06-04,508,124,5150,800,943,fill,0.0,509.0,3.0,5167.0,0.0,124.0,0.0,799.0,West Bank,2025-07-31
2024-06-05,508,124,5150,800,943,fill,0.0,509.0,7.0,5174.0,0.0,124.0,0.0,799.0,West Bank,2025-07-31
2024-06-06,508,124,5150,800,943,fill,4.0,513.0,25.0,5199.0,1.0,125.0,1.0,800.0,West Bank,2025-07-31
2024-06-07,508,124,5150,800,943,fill,,519.0,,5206.0,,130.0,,801.0,West Bank,2025-07-31
2024-06-08,508,124,5150,800,943,fill,1.0,520.0,14.0,5220.0,0.0,130.0,1.0,802.0,West Bank,2025-07-31
2024-06-09,508,124,5150,800,943,fill,0.0,520.0,9.0,5229.0,0.0,130.0,4.0,806.0,West Bank,2025-07-31
2024-06-10,521,126,5200,800,968,un,6.0,526.0,15.0,5244.0,1.0,131.0,4.0,810.0,West Bank,2025-07-31
2024-06-11,527,126,5200,800,968,fill,6.0,532.0,12.0,5256.0,1.0,132.0,1.0,811.0,West Bank,2025-07-31
2024-06-12,527,126,5200,800,968,fill,0.0,532.0,3.0,5259.0,0.0,132.0,0.0,811.0,West Bank,2025-07-31
2024-06-13,527,126,5200,800,968,fill,3.0,535.0,4.0,5263.0,0.0,132.0,0.0,811.0,West Bank,2025-07-31
2024-06-14,527,126,5200,800,968,fill,0.0,535.0,16.0,5279.0,0.0,132.0,2.0,813.0,West Bank,2025-07-31
2024-06-15,527,126,5200,800,968,fill,1.0,536.0,6.0,5285.0,1.0,133.0,0.0,813.0,West Bank,2025-07-31
2024-06-16,527,126,5200,800,968,fill,0.0,536.0,3.0,5288.0,0.0,133.0,0.0,813.0,West Bank,2025-07-31
2024-06-17,527,126,5200,800,968,fill,0.0,536.0,16.0,5304.0,0.0,133.0,5.0,818.0,West Bank,2025-07-31
2024-06-18,536,128,5218,802,979,un,1.0,537.0,11.0,5315.0,0.0,133.0,4.0,822.0,West Bank,2025-07-31
2024-06-19,536,128,5218,802,979,fill,0.0,537.0,18.0,5333.0,0.0,133.0,1.0,823.0,West Bank,2025-07-31
2024-06-20,536,128,5218,802,979,fill,1.0,538.0,1.0,5334.0,1.0,134.0,0.0,823.0,West Bank,2025-07-31
2024-06-21,536,128,5218,802,979,fill,2.0,540.0,4.0,5338.0,0.0,134.0,1.0,824.0,West Bank,2025-07-31
2024-06-22,536,128,5218,802,979,fill,1.0,541.0,14.0,5352.0,1.0,135.0,0.0,824.0,West Bank,2025-07-31
2024-06-23,536,128,5218,802,979,fill,0.0,541.0,15.0,5367.0,0.0,135.0,5.0,829.0,West Bank,2025-07-31
2024-06-24,536,130,5370,830,1018,un,0.0,541.0,6.0,5373.0,0.0,135.0,0.0,829.0,West Bank,2025-07-31
2024-06-25,536,130,5370,830,1018,fill,0.0,541.0,3.0,5376.0,0.0,135.0,2.0,831.0,West Bank,2025-07-31
2024-06-26,536,130,5370,830,1018,fill,0.0,541.0,6.0,5382.0,0.0,135.0,1.0,832.0,West Bank,2025-07-31
2024-06-27,536,130,5370,830,1018,fill,0.0,541.0,4.0,5386.0,0.0,135.0,0.0,832.0,West Bank,2025-07-31
2024-06-28,536,130,5370,830,1018,fill,0.0,541.0,2.0,5388.0,0.0,135.0,0.0,832.0,West Bank,2025-07-31
2024-06-29,536,130,5370,830,1018,fill,0.0,541.0,5.0,5393.0,0.0,135.0,0.0,832.0,West Bank,2025-07-31
2024-06-30,536,130,5370,830,1018,fill,1.0,542.0,7.0,5400.0,0.0,135.0,0.0,832.0,West Bank,2025-07-31
2024-07-01,539,131,5420,830,1050,un,2.0,544.0,16.0,5416.0,1.0,136.0,4.0,836.0,West Bank,2025-07-31
2024-07-02,539,131,5420,830,1050,fill,4.0,548.0,11.0,5427.0,0.0,136.0,3.0,839.0,West Bank,2025-07-31
2024-07-03,539,131,5420,830,1050,fill,1.0,549.0,24.0,5451.0,0.0,136.0,0.0,839.0,West Bank,2025-07-31
2024-07-04,539,131,5420,830,1050,fill,0.0,549.0,7.0,5458.0,0.0,136.0,0.0,839.0,West Bank,2025-07-31
2024-07-05,539,131,5420,830,1050,fill,7.0,556.0,21.0,5479.0,0.0,136.0,2.0,841.0,West Bank,2025-07-31
2024-07-06,539,131,5420,830,1050,fill,2.0,558.0,14.0,5493.0,0.0,136.0,2.0,843.0,West Bank,2025-07-31
2024-07-07,539,131,5420,830,1050,fill,1.0,559.0,2.0,5495.0,0.0,136.0,0.0,843.0,West Bank,2025-07-31
2024-07-08,553,131,5500,850,1084,un,0.0,559.0,12.0,5507.0,0.0,136.0,3.0,846.0,West Bank,2025-07-31
2024-07-09,554,132,5500,850,1084,fill,1.0,560.0,9.0,5516.0,1.0,137.0,4.0,850.0,West Bank,2025-07-31
2024-07-10,554,132,5500,850,1084,fill,0.0,560.0,6.0,5522.0,0.0,137.0,3.0,853.0,West Bank,2025-07-31
2024-07-11,554,132,5500,850,1084,fill,1.0,561.0,11.0,5533.0,1.0,138.0,6.0,859.0,West Bank,2025-07-31
2024-07-12,554,132,5500,850,1084,fill,1.0,562.0,0.0,5533.0,0.0,138.0,0.0,859.0,West Bank,2025-07-31
2024-07-13,554,132,5500,850,1084,fill,0.0,562.0,5.0,5538.0,0.0,138.0,0.0,859.0,West Bank,2025-07-31
2024-07-14,554,132,5500,850,1084,fill,1.0,563.0,4.0,5542.0,0.0,138.0,0.0,859.0,West Bank,2025-07-31
2024-07-15,554,132,5537,863,1122,un,0.0,563.0,1.0,5543.0,0.0,138.0,0.0,859.0,West Bank,2025-07-31
2024-07-16,555,132,5537,863,1122,fill,1.0,564.0,3.0,5546.0,0.0,138.0,0.0,859.0,West Bank,2025-07-31
2024-07-17,555,132,5537,863,1122,fill,0.0,564.0,3.0,5549.0,0.0,138.0,0.0,859.0,West Bank,2025-07-31
2024-07-18,555,132,5537,863,1122,fill,0.0,564.0,1.0,5550.0,0.0,138.0,0.0,859.0,West Bank,2025-07-31
2024-07-19,555,132,5537,863,1122,fill,2.0,566.0,2.0,5552.0,0.0,138.0,0.0,859.0,West Bank,2025-07-31
2024-07-20,555,132,5537,863,1122,fill,0.0,566.0,3.0,5555.0,0.0,138.0,0.0,859.0,West Bank,2025-07-31
2024-07-21,555,132,5537,863,1122,fill,0.0,566.0,1.0,5556.0,0.0,138.0,0.0,859.0,West Bank,2025-07-31
2024-07-22,563,132,5554,863,1143,un,5.0,571.0,9.0,5565.0,0.0,138.0,0.0,859.0,West Bank,2025-07-31
2024-07-23,563,132,5554,863,1143,fill,4.0,575.0,10.0,5575.0,1.0,139.0,6.0,865.0,West Bank,2025-07-31
2024-07-24,563,132,5554,863,1143,fill,2.0,577.0,2.0,5577.0,0.0,139.0,1.0,866.0,West Bank,2025-07-31
2024-07-25,563,132,5554,863,1143,fill,0.0,577.0,2.0,5579.0,0.0,139.0,0.0,866.0,West Bank,2025-07-31
2024-07-26,563,132,5554,863,1143,fill,0.0,577.0,23.0,5602.0,0.0,139.0,9.0,875.0,West Bank,2025-07-31
2024-07-27,563,132,5554,863,1143,fill,2.0,579.0,45.0,5647.0,1.0,140.0,4.0,879.0,West Bank,2025-07-31
2024-07-28,563,132,5554,863,1143,fill,0.0,579.0,1.0,5648.0,0.0,140.0,0.0,879.0,West Bank,2025-07-31
2024-07-29,569,132,5632,885,1164,un,0.0,579.0,3.0,5651.0,0.0,140.0,2.0,881.0,West Bank,2025-07-31
2024-07-30,570,133,5632,885,1164,fill,2.0,581.0,3.0,5654.0,1.0,141.0,0.0,881.0,West Bank,2025-07-31
2024-07-31,570,133,5632,885,1164,fill,0.0,581.0,12.0,5666.0,0.0,141.0,1.0,882.0,West Bank,2025-07-31
2024-08-01,570,133,5632,885,1164,fill,0.0,581.0,13.0,5679.0,0.0,141.0,2.0,884.0,West Bank,2025-07-31
2024-08-02,570,133,5632,885,1164,fill,1.0,582.0,16.0,5695.0,0.0,141.0,2.0,886.0,West Bank,2025-07-31
2024-08-03,570,133,5632,885,1164,fill,9.0,591.0,13.0,5708.0,0.0,141.0,2.0,888.0,West Bank,2025-07-31
2024-08-04,570,133,5632,885,1164,fill,1.0,592.0,10.0,5718.0,0.0,141.0,1.0,889.0,West Bank,2025-07-31
2024-08-05,587,135,5688,891,1191,un,9.0,601.0,19.0,5737.0,2.0,143.0,0.0,889.0,West Bank,2025-07-31
2024-08-06,587,135,5688,891,1191,fill,4.0,605.0,10.0,5747.0,0.0,143.0,0.0,889.0,West Bank,2025-07-31
2024-08-07,600,135,5688,891,1191,fill,1.0,606.0,11.0,5758.0,0.0,143.0,4.0,893.0,West Bank,2025-07-31
2024-08-08,600,135,5688,891,1191,fill,0.0,606.0,4.0,5762.0,0.0,143.0,2.0,895.0,West Bank,2025-07-31
2024-08-09,600,135,5688,891,1191,fill,0.0,606.0,14.0,5776.0,0.0,143.0,0.0,895.0,West Bank,2025-07-31
2024-08-10,600,135,5688,891,1191,fill,0.0,606.0,10.0,5786.0,0.0,143.0,3.0,898.0,West Bank,2025-07-31
2024-08-11,600,135,5688,891,1191,fill,2.0,608.0,8.0,5794.0,0.0,143.0,0.0,898.0,West Bank,2025-07-31
2024-08-12,600,135,5742,902,1250,un,1.0,609.0,6.0,5800.0,0.0,143.0,3.0,901.0,West Bank,2025-07-31
2024-08-13,600,135,5742,902,1250,fill,2.0,611.0,13.0,5813.0,1.0,144.0,2.0,903.0,West Bank,2025-07-31
2024-08-14,600,135,5742,902,1250,fill,5.0,616.0,12.0,5825.0,1.0,145.0,2.0,905.0,West Bank,2025-07-31
2024-08-15,600,135,5742,902,1250,fill,3.0,619.0,19.0,5844.0,0.0,145.0,1.0,906.0,West Bank,2025-07-31
2024-08-16,600,135,5742,902,1250,fill,0.0,619.0,8.0,5852.0,0.0,145.0,2.0,908.0,West Bank,2025-07-31
2024-08-17,600,135,5742,902,1250,fill,2.0,621.0,3.0,5855.0,0.0,145.0,2.0,910.0,West Bank,2025-07-31
2024-08-18,600,135,5742,902,1250,fill,0.0,621.0,3.0,5858.0,0.0,145.0,0.0,910.0,West Bank,2025-07-31
2024-08-19,607,137,5803,912,1270,un,1.0,622.0,8.0,5866.0,0.0,145.0,3.0,913.0,West Bank,2025-07-31
2024-08-20,607,137,5803,912,1270,fill,1.0,623.0,7.0,5873.0,0.0,145.0,0.0,913.0,West Bank,2025-07-31
2024-08-21,607,137,5803,912,1270,fill,1.0,624.0,5.0,5878.0,0.0,145.0,3.0,916.0,West Bank,2025-07-31
2024-08-22,607,137,5803,912,1270,fill,3.0,627.0,2.0,5880.0,0.0,145.0,1.0,917.0,West Bank,2025-07-31
2024-08-23,607,137,5803,912,1270,fill,0.0,627.0,7.0,5887.0,0.0,145.0,1.0,918.0,West Bank,2025-07-31
2024-08-24,607,137,5803,912,1270,fill,0.0,627.0,10.0,5897.0,0.0,145.0,3.0,921.0,West Bank,2025-07-31
2024-08-25,607,137,5803,921,1270,fill,4.0,631.0,11.0,5908.0,2.0,147.0,1.0,922.0,West Bank,2025-07-31
2024-08-26,622,141,5850,921,1301,un,7.0,638.0,6.0,5914.0,2.0,149.0,0.0,922.0,West Bank,2025-07-31
2024-08-27,622,141,5850,921,1301,fill,0.0,638.0,1.0,5915.0,0.0,149.0,0.0,922.0,West Bank,2025-07-31
2024-08-28,622,141,5850,921,1301,fill,16.0,654.0,70.0,5985.0,2.0,151.0,3.0,925.0,West Bank,2025-07-31
2024-08-29,622,141,5850,921,1301,fill,3.0,657.0,3.0,5988.0,0.0,151.0,1.0,926.0,West Bank,2025-07-31
2024-08-30,622,141,5850,921,1301,fill,5.0,662.0,2.0,5990.0,0.0,151.0,1.0,927.0,West Bank,2025-07-31
2024-08-31,622,141,5850,921,1301,fill,0.0,662.0,13.0,6003.0,0.0,151.0,1.0,928.0,West Bank,2025-07-31
2024-09-01,622,141,5850,921,1301,fill,4.0,666.0,8.0,6011.0,3.0,154.0,3.0,931.0,West Bank,2025-07-31
2024-09-02,652,148,5929,932,1317,un,2.0,668.0,14.0,6025.0,1.0,155.0,1.0,932.0,West Bank,2025-07-31
2024-09-03,652,148,5929,932,1317,fill,3.0,671.0,9.0,6034.0,1.0,156.0,2.0,934.0,West Bank,2025-07-31
2024-09-04,652,148,5929,932,1317,fill,0.0,671.0,4.0,6038.0,0.0,156.0,1.0,935.0,West Bank,2025-07-31
2024-09-05,652,148,5929,932,1317,fill,6.0,677.0,22.0,6060.0,1.0,157.0,2.0,937.0,West Bank,2025-07-31
2024-09-06,652,148,5929,932,1317,fill,1.0,678.0,5.0,6065.0,1.0,158.0,1.0,938.0,West Bank,2025-07-31
2024-09-07,652,148,5929,932,1317,fill,0.0,678.0,12.0,6077.0,0.0,158.0,1.0,939.0,West Bank,2025-07-31
2024-09-08,652,148,5929,932,1317,fill,0.0,678.0,6.0,6083.0,0.0,158.0,2.0,941.0,West Bank,2025-07-31
2024-09-09,674,151,5988,941,1360,un,0.0,678.0,5.0,6088.0,0.0,158.0,2.0,943.0,West Bank,2025-07-31
2024-09-10,674,151,5988,941,1360,fill,2.0,680.0,8.0,6096.0,0.0,158.0,0.0,943.0,West Bank,2025-07-31
2024-09-11,674,151,5988,941,1360,fill,8.0,688.0,4.0,6100.0,1.0,159.0,0.0,943.0,West Bank,2025-07-31
2024-09-12,674,151,5988,941,1360,fill,1.0,689.0,13.0,6113.0,0.0,159.0,5.0,948.0,West Bank,2025-07-31
2024-09-13,674,151,5988,941,1360,fill,0.0,689.0,17.0,6130.0,0.0,159.0,0.0,948.0,West Bank,2025-07-31
2024-09-14,674,151,5988,941,1360,fill,0.0,689.0,3.0,6133.0,0.0,159.0,0.0,948.0,West Bank,2025-07-31
2024-09-15,674,151,5988,941,1360,fill,0.0,689.0,3.0,6136.0,0.0,159.0,0.0,948.0,West Bank,2025-07-31
2024-09-16,685,152,6038,947,1383,un,2.0,691.0,15.0,6151.0,0.0,159.0,1.0,949.0,West Bank,2025-07-31
2024-09-17,685,152,6038,947,1383,fill,1.0,692.0,1.0,6152.0,0.0,159.0,1.0,950.0,West Bank,2025-07-31
2024-09-18,685,152,6038,947,1383,fill,2.0,694.0,15.0,6167.0,2.0,161.0,1.0,951.0,West Bank,2025-07-31
2024-09-19,685,152,6038,947,1383,fill,7.0,701.0,12.0,6179.0,0.0,161.0,4.0,955.0,West Bank,2025-07-31
2024-09-20,685,152,6038,947,1383,fill,1.0,702.0,47.0,6226.0,0.0,161.0,3.0,958.0,West Bank,2025-07-31
2024-09-21,685,152,6038,947,1383,fill,0.0,702.0,2.0,6228.0,0.0,161.0,1.0,959.0,West Bank,2025-07-31
2024-09-22,685,152,6038,947,1383,fill,0.0,702.0,6.0,6234.0,0.0,161.0,2.0,961.0,West Bank,2025-07-31
2024-09-23,696,154,6128,969,1408,un,0.0,702.0,7.0,6241.0,0.0,161.0,3.0,964.0,West Bank,2025-07-31
2024-09-24,696,154,6128,969,1408,fill,1.0,703.0,15.0,6256.0,0.0,161.0,6.0,970.0,West Bank,2025-07-31
2024-09-25,696,154,6128,969,1408,fill,1.0,704.0,3.0,6259.0,0.0,161.0,2.0,972.0,West Bank,2025-07-31
2024-09-26,696,154,6128,969,1408,fill,1.0,705.0,49.0,6308.0,0.0,161.0,41.0,1013.0,West Bank,2025-07-31
2024-09-27,696,154,6128,969,1408,fill,0.0,705.0,19.0,6327.0,0.0,161.0,7.0,1020.0,West Bank,2025-07-31
2024-09-28,696,154,6128,969,1408,fill,0.0,705.0,8.0,6335.0,0.0,161.0,0.0,1020.0,West Bank,2025-07-31
2024-09-29,696,154,6128,969,1408,fill,0.0,705.0,16.0,6351.0,0.0,161.0,2.0,1022.0,West Bank,2025-07-31
2024-09-30,699,154,6237,1027,1423,un,0.0,705.0,0.0,6351.0,0.0,161.0,0.0,1022.0,West Bank,2025-07-31
2024-10-01,699,154,6237,1027,1423,fill,2.0,707.0,25.0,6376.0,0.0,161.0,0.0,1022.0,West Bank,2025-07-31
2024-10-02,699,154,6237,1027,1423,fill,0.0,707.0,1.0,6377.0,0.0,161.0,0.0,1022.0,West Bank,2025-07-31
2024-10-03,699,154,6237,1027,1423,fill,19.0,726.0,7.0,6384.0,3.0,164.0,0.0,1022.0,West Bank,2025-07-31
2024-10-04,699,154,6237,1027,1423,fill,0.0,726.0,22.0,6406.0,0.0,164.0,0.0,1022.0,West Bank,2025-07-31
2024-10-05,699,154,6237,1027,1423,fill,1.0,727.0,22.0,6428.0,0.0,164.0,1.0,1023.0,West Bank,2025-07-31
2024-10-06,699,154,6237,1027,1423,fill,0.0,727.0,6.0,6434.0,0.0,164.0,1.0,1024.0,West Bank,2025-07-31
2024-10-07,719,158,6367,1043,1454,un,1.0,728.0,42.0,6476.0,1.0,165.0,16.0,1040.0,West Bank,2025-07-31
2024-10-08,719,158,6367,1043,1454,fill,0.0,728.0,3.0,6479.0,0.0,165.0,0.0,1040.0,West Bank,2025-07-31
2024-10-09,719,158,6367,1043,1454,fill,5.0,733.0,2.0,6481.0,0.0,165.0,0.0,1040.0,West Bank,2025-07-31
2024-10-10,719,158,6367,1043,1454,fill,2.0,735.0,0.0,6481.0,0.0,165.0,0.0,1040.0,West Bank,2025-07-31
2024-10-11,719,158,6367,1043,1454,fill,0.0,735.0,66.0,6547.0,0.0,165.0,1.0,1041.0,West Bank,2025-07-31
2024-10-12,719,158,6367,1043,1454,fill,0.0,735.0,14.0,6561.0,0.0,165.0,2.0,1043.0,West Bank,2025-07-31
2024-10-13,719,158,6367,1043,1454,fill,0.0,735.0,10.0,6571.0,0.0,165.0,4.0,1047.0,West Bank,2025-07-31
2024-10-14,728,159,6471,1052,1486,un,2.0,737.0,9.0,6580.0,1.0,166.0,3.0,1050.0,West Bank,2025-07-31
2024-10-15,728,159,6471,1052,1486,fill,0.0,737.0,1.0,6581.0,0.0,166.0,0.0,1050.0,West Bank,2025-07-31
2024-10-16,728,159,6471,1052,1486,fill,0.0,737.0,0.0,6581.0,0.0,166.0,0.0,1050.0,West Bank,2025-07-31
2024-10-17,728,159,6471,1052,1486,fill,0.0,737.0,0.0,6581.0,0.0,166.0,0.0,1050.0,West Bank,2025-07-31
2024-10-18,728,159,6471,1052,1486,fill,0.0,737.0,0.0,6581.0,0.0,166.0,0.0,1050.0,West Bank,2025-07-31
2024-10-19,728,159,6471,1052,1486,fill,0.0,737.0,0.0,6581.0,0.0,166.0,0.0,1050.0,West Bank,2025-07-31
2024-10-20,728,159,6471,1052,1486,fill,0.0,737.0,0.0,6581.0,0.0,166.0,0.0,1050.0,West Bank,2025-07-31
2024-10-21,731,159,6530,1079,1527,un,0.0,737.0,0.0,6581.0,0.0,166.0,0.0,1050.0,West Bank,2025-07-31
2024-10-22,731,159,6530,1079,1527,fill,0.0,737.0,0.0,6581.0,0.0,166.0,0.0,1050.0,West Bank,2025-07-31
2024-10-23,731,159,6530,1079,1527,fill,0.0,737.0,0.0,6581.0,0.0,166.0,0.0,1050.0,West Bank,2025-07-31
2024-10-24,731,159,6530,1079,1527,fill,0.0,737.0,0.0,6581.0,0.0,166.0,0.0,1050.0,West Bank,2025-07-31
2024-10-25,731,159,6530,1079,1527,fill,0.0,737.0,1.0,6582.0,0.0,166.0,0.0,1050.0,West Bank,2025-07-31
2024-10-26,731,159,6530,1079,1527,fill,0.0,737.0,0.0,6582.0,0.0,166.0,0.0,1050.0,West Bank,2025-07-31
2024-10-27,731,159,6530,1079,1527,fill,0.0,737.0,0.0,6582.0,0.0,166.0,0.0,1050.0,West Bank,2025-07-31
2024-10-28,735,160,6565,1089,1597,un,0.0,737.0,17.0,6599.0,0.0,166.0,3.0,1053.0,West Bank,2025-07-31
2024-10-29,735,160,6565,1089,1597,fill,0.0,737.0,0.0,6599.0,0.0,166.0,0.0,1053.0,West Bank,2025-07-31
2024-10-30,735,160,6565,1089,1597,fill,0.0,737.0,1.0,6600.0,0.0,166.0,0.0,1053.0,West Bank,2025-07-31
2024-10-31,735,160,6565,1089,1597,fill,0.0,737.0,0.0,6600.0,0.0,166.0,0.0,1053.0,West Bank,2025-07-31
2024-11-01,735,160,6565,1089,1597,fill,0.0,737.0,,,0.0,166.0,,,West Bank,2025-07-31
2024-11-02,735,160,6565,1089,1597,fill,0.0,737.0,,,0.0,166.0,,,West Bank,2025-07-31
2024-11-03,735,160,6565,1089,1597,fill,1.0,738.0,,,1.0,167.0,,,West Bank,2025-07-31
2024-11-04,740,161,6587,1093,1632,fill,0.0,738.0,,,0.0,167.0,,,West Bank,2025-07-31
2024-11-05,740,161,6587,1093,1632,fill,0.0,738.0,,,0.0,167.0,,,West Bank,2025-07-31
2024-11-06,740,161,6587,1093,1632,fill,1.0,739.0,,,0.0,167.0,,,West Bank,2025-07-31
2024-11-07,740,161,6587,1093,1632,fill,0.0,739.0,,,0.0,167.0,,,West Bank,2025-07-31
2024-11-08,740,161,6587,1093,1632,fill,0.0,739.0,,,0.0,167.0,,,West Bank,2025-07-31
2024-11-09,740,161,6587,1093,1632,fill,0.0,739.0,,,0.0,167.0,,,West Bank,2025-07-31
2024-11-10,740,161,6587,1093,1632,fill,0.0,739.0,,,0.0,167.0,,,West Bank,2025-07-31
2024-11-11,751,161,6598,1109,1655,un,0.0,739.0,,,0.0,167.0,,,West Bank,2025-07-31
2024-11-12,751,161,6598,1109,1655,fill,0.0,739.0,,,0.0,167.0,,,West Bank,2025-07-31
2024-11-13,751,161,6598,1109,1655,fill,2.0,741.0,,,0.0,167.0,,,West Bank,2025-07-31
2024-11-14,751,161,6598,1109,1655,fill,,,,,,,,,West Bank,2025-07-31
2024-11-15,751,161,6598,1109,1655,fill,,,,,,,,,West Bank,2025-07-31
2024-11-16,751,161,6598,1109,1655,fill,,,,,,,,,West Bank,2025-07-31
2024-11-17,751,161,6598,1109,1655,fill,,,,,,,,,West Bank,2025-07-31
2024-11-18,755,162,6641,1134,1680,un,,,,,,,,,West Bank,2025-07-31
2024-11-19,755,162,6641,1134,1680,fill,,,,,,,,,West Bank,2025-07-31
2024-11-20,755,162,6641,1134,1680,fill,,,,,,,,,West Bank,2025-07-31
2024-11-21,755,162,6641,1134,1680,fill,,,,,,,,,West Bank,2025-07-31
2024-11-22,755,162,6641,1134,1680,fill,,,,,,,,,West Bank,2025-07-31
2024-11-23,755,162,6641,1134,1680,fill,,,,,,,,,West Bank,2025-07-31
2024-11-24,755,162,6641,1134,1680,fill,,,,,,,,,West Bank,2025-07-31
2024-11-25,764,163,6678,1146,1695,un,,,,,,,,,West Bank,2025-07-31
2024-11-26,764,163,6678,1146,1695,fill,,,,,,,,,West Bank,2025-07-31
2024-11-27,764,163,6678,1146,1695,fill,,,,,,,,,West Bank,2025-07-31
2024-11-28,764,163,6678,1146,1695,fill,,,,,,,,,West Bank,2025-07-31
2024-11-29,764,163,6678,1146,1695,fill,,,,,,,,,West Bank,2025-07-31
2024-11-30,764,163,6678,1146,1695,fill,,,,,,,,,West Bank,2025-07-31
2024-12-01,764,163,6678,1146,1695,fill,,,,,,,,,West Bank,2025-07-31
2024-12-02,769,163,6705,1153,1716,un,,,,,,,,,West Bank,2025-07-31
2024-12-03,769,163,6705,1153,1716,fill,,,,,,,,,West Bank,2025-07-31
2024-12-04,769,163,6705,1153,1716,fill,,,,,,,,,West Bank,2025-07-31
2024-12-05,769,163,6705,1153,1716,fill,,,,,,,,,West Bank,2025-07-31
2024-12-06,769,163,6705,1153,1716,fill,,,,,,,,,West Bank,2025-07-31
2024-12-07,769,163,6705,1153,1716,fill,,,,,,,,,West Bank,2025-07-31
2024-12-08,769,163,6705,1153,1716,fill,,,,,,,,,West Bank,2025-07-31
2024-12-09,777,164,6744,1167,1736,fill,,,,,,,,,West Bank,2025-07-31
2024-12-10,777,164,6744,1167,1736,fill,,,,,,,,,West Bank,2025-07-31
2024-12-11,777,164,6744,1167,1736,fill,,,,,,,,,West Bank,2025-07-31
2024-12-12,777,164,6744,1167,1736,fill,,,,,,,,,West Bank,2025-07-31
2024-12-13,777,164,6744,1167,1736,fill,,,,,,,,,West Bank,2025-07-31
2024-12-14,777,164,6744,1167,1736,fill,,,,,,,,,West Bank,2025-07-31
2024-12-15,777,164,6744,1167,1736,fill,,,,,,,,,West Bank,2025-07-31
2024-12-16,781,164,6775,1178,1768,un,,,,,,,,,West Bank,2025-07-31
2024-12-17,781,164,6775,1178,1768,fill,,,,,,,,,West Bank,2025-07-31
2024-12-18,781,164,6775,1178,1768,fill,,,,,,,,,West Bank,2025-07-31
2024-12-19,781,164,6775,1178,1768,fill,,,,,,,,,West Bank,2025-07-31
2024-12-20,781,164,6775,1178,1768,fill,,,,,,,,,West Bank,2025-07-31
2024-12-21,781,164,6775,1178,1768,fill,,,,,,,,,West Bank,2025-07-31
2024-12-22,781,164,6775,1178,1768,fill,,,,,,,,,West Bank,2025-07-31
2024-12-23,791,165,6811,1188,1778,un,,,,,,,,,West Bank,2025-07-31
2024-12-24,791,165,6811,1188,1778,fill,,,,,,,,,West Bank,2025-07-31
2024-12-25,791,165,6811,1188,1778,fill,,,,,,,,,West Bank,2025-07-31
2024-12-26,791,165,6811,1188,1778,fill,,,,,,,,,West Bank,2025-07-31
2024-12-27,791,165,6811,1188,1778,fill,,,,,,,,,West Bank,2025-07-31
2024-12-28,791,165,6811,1188,1778,fill,,,,,,,,,West Bank,2025-07-31
2024-12-29,791,165,6811,1188,1778,fill,,,,,,,,,West Bank,2025-07-31
2024-12-30,802,167,6860,1188,1797,un,,,,,,,,,West Bank,2025-07-31
2024-12-31,802,167,6860,1188,1797,fill,,,,,,,,,West Bank,2025-07-31
2025-01-01,802,167,6860,1188,1797,fill,,,,,,,,,West Bank,2025-07-31
2025-01-02,802,167,6860,1188,1797,fill,,,,,,,,,West Bank,2025-07-31
2025-01-03,802,167,6860,1188,1797,fill,,,,,,,,,West Bank,2025-07-31
2025-01-04,802,167,6860,1188,1797,fill,,,,,,,,,West Bank,2025-07-31
2025-01-05,802,167,6860,1188,1797,fill,,,,,,,,,West Bank,2025-07-31
2025-01-06,805,168,6898,1194,1811,un,,,,,,,,,West Bank,2025-07-31
2025-01-07,805,168,6898,1194,1811,fill,,,,,,,,,West Bank,2025-07-31
2025-01-08,805,168,6898,1194,1811,fill,,,,,,,,,West Bank,2025-07-31
2025-01-09,805,168,6898,1194,1811,fill,,,,,,,,,West Bank,2025-07-31
2025-01-10,805,168,6898,1194,1811,fill,,,,,,,,,West Bank,2025-07-31
2025-01-11,805,168,6898,1194,1811,fill,,,,,,,,,West Bank,2025-07-31
2025-01-12,805,168,6898,1194,1811,fill,,,,,,,,,West Bank,2025-07-31
2025-01-13,811,171,6936,1202,1833,un,,,,,,,,,West Bank,2025-07-31
2025-01-14,811,171,6936,1202,1833,fill,,,,,,,,,West Bank,2025-07-31
2025-01-15,811,171,6936,1202,1833,fill,,,,,,,,,West Bank,2025-07-31
2025-01-16,811,171,6936,1202,1833,fill,,,,,,,,,West Bank,2025-07-31
2025-01-17,811,171,6936,1202,1833,fill,,,,,,,,,West Bank,2025-07-31
2025-01-18,811,171,6936,1202,1833,fill,,,,,,,,,West Bank,2025-07-31
2025-01-19,811,171,6936,1202,1833,fill,,,,,,,,,West Bank,2025-07-31
2025-01-20,824,173,7035,1228,1870,fill,,,,,,,,,West Bank,2025-07-31
2025-01-21,824,173,7035,1228,1870,fill,,,,,,,,,West Bank,2025-07-31
2025-01-22,824,173,7035,1228,1870,fill,,,,,,,,,West Bank,2025-07-31
2025-01-23,824,173,7035,1228,1870,fill,,,,,,,,,West Bank,2025-07-31
2025-01-24,824,173,7035,1228,1870,fill,,,,,,,,,West Bank,2025-07-31
2025-01-25,824,173,7035,1228,1870,fill,,,,,,,,,West Bank,2025-07-31
2025-01-26,824,173,7035,1228,1870,fill,,,,,,,,,West Bank,2025-07-31
2025-01-27,844,175,7116,1239,1887,un,,,,,,,,,West Bank,2025-07-31
2025-01-28,844,175,7116,1239,1887,fill,,,,,,,,,West Bank,2025-07-31
2025-01-29,844,175,7116,1239,1887,fill,,,,,,,,,West Bank,2025-07-31
2025-01-30,844,175,7116,1239,1887,fill,,,,,,,,,West Bank,2025-07-31
2025-01-31,844,175,7116,1239,1887,fill,,,,,,,,,West Bank,2025-07-31
2025-02-01,844,175,7116,1239,1887,fill,,,,,,,,,West Bank,2025-07-31
2025-02-02,844,175,7116,1239,1887,fill,,,,,,,,,West Bank,2025-07-31
2025-02-03,867,177,7266,1271,1904,un,,,,,,,,,West Bank,2025-07-31
2025-02-04,867,177,7266,1271,1904,fill,,,,,,,,,West Bank,2025-07-31
2025-02-05,867,177,7266,1271,1904,fill,,,,,,,,,West Bank,2025-07-31
2025-02-06,867,177,7266,1271,1904,fill,,,,,,,,,West Bank,2025-07-31
2025-02-07,867,177,7266,1271,1904,fill,,,,,,,,,West Bank,2025-07-31
2025-02-08,867,177,7266,1271,1904,fill,,,,,,,,,West Bank,2025-07-31
2025-02-09,867,177,7266,1271,1904,fill,,,,,,,,,West Bank,2025-07-31
2025-02-10,872,178,7315,1279,1919,un,,,,,,,,,West Bank,2025-07-31
2025-02-11,872,178,7315,1279,1919,fill,,,,,,,,,West Bank,2025-07-31
2025-02-12,872,178,7315,1279,1919,fill,,,,,,,,,West Bank,2025-07-31
2025-02-13,872,178,7315,1279,1919,fill,,,,,,,,,West Bank,2025-07-31
2025-02-14,872,178,7315,1279,1919,fill,,,,,,,,,West Bank,2025-07-31
2025-02-15,872,178,7315,1279,1919,fill,,,,,,,,,West Bank,2025-07-31
2025-02-16,872,178,7315,1279,1919,fill,,,,,,,,,West Bank,2025-07-31
2025-02-17,878,180,7333,1286,1953,un,,,,,,,,,West Bank,2025-07-31
2025-02-18,878,180,7333,1286,1953,fill,,,,,,,,,West Bank,2025-07-31
2025-02-19,878,180,7333,1286,1953,fill,,,,,,,,,West Bank,2025-07-31
2025-02-20,878,180,7333,1286,1953,fill,,,,,,,,,West Bank,2025-07-31
2025-02-21,878,180,7333,1286,1953,fill,,,,,,,,,West Bank,2025-07-31
2025-02-22,878,180,7333,1286,1953,fill,,,,,,,,,West Bank,2025-07-31
2025-02-23,878,180,7333,1286,1953,fill,,,,,,,,,West Bank,2025-07-31
2025-02-24,883,180,7372,1294,1977,un,,,,,,,,,West Bank,2025-07-31
2025-02-25,883,180,7372,1294,1977,fill,,,,,,,,,West Bank,2025-07-31
2025-02-26,883,180,7372,1294,1977,fill,,,,,,,,,West Bank,2025-07-31
2025-02-27,883,180,7372,1294,1977,fill,,,,,,,,,West Bank,2025-07-31
2025-02-28,883,180,7372,1294,1977,fill,,,,,,,,,West Bank,2025-07-31
2025-03-01,883,180,7372,1294,1977,fill,,,,,,,,,West Bank,2025-07-31
2025-03-02,883,180,7372,1294,1977,fill,,,,,,,,,West Bank,2025-07-31
2025-03-03,886,181,7436,1308,2001,un,,,,,,,,,West Bank,2025-07-31
2025-03-04,886,181,7436,1308,2001,fill,,,,,,,,,West Bank,2025-07-31
2025-03-05,886,181,7436,1308,2001,fill,,,,,,,,,West Bank,2025-07-31
2025-03-06,886,181,7436,1308,2001,fill,,,,,,,,,West Bank,2025-07-31
2025-03-07,886,181,7436,1308,2001,fill,,,,,,,,,West Bank,2025-07-31
2025-03-08,886,181,7436,1308,2001,fill,,,,,,,,,West Bank,2025-07-31
2025-03-09,886,181,7436,1308,2001,fill,,,,,,,,,West Bank,2025-07-31
2025-03-10,890,181,7498,1320,2017,un,,,,,,,,,West Bank,2025-07-31
2025-03-11,890,181,7498,1320,2017,fill,,,,,,,,,West Bank,2025-07-31
2025-03-12,890,181,7498,1320,2017,fill,,,,,,,,,West Bank,2025-07-31
2025-03-13,890,181,7498,1320,2017,fill,,,,,,,,,West Bank,2025-07-31
2025-03-14,890,181,7498,1320,2017,fill,,,,,,,,,West Bank,2025-07-31
2025-03-15,890,181,7498,1320,2017,fill,,,,,,,,,West Bank,2025-07-31
2025-03-16,890,181,7498,1320,2017,fill,,,,,,,,,West Bank,2025-07-31
2025-03-17,895,181,7580,1333,2051,un,,,,,,,,,West Bank,2025-07-31
2025-03-18,895,181,7580,1333,2051,fill,,,,,,,,,West Bank,2025-07-31
2025-03-19,895,181,7580,1333,2051,fill,,,,,,,,,West Bank,2025-07-31
2025-03-20,895,181,7580,1333,2051,fill,,,,,,,,,West Bank,2025-07-31
2025-03-21,895,181,7580,1333,2051,fill,,,,,,,,,West Bank,2025-07-31
2025-03-22,895,181,7580,1333,2051,fill,,,,,,,,,West Bank,2025-07-31
2025-03-23,895,181,7580,1333,2051,fill,,,,,,,,,West Bank,2025-07-31
2025-03-24,897,181,7613,1337,2058,un,,,,,,,,,West Bank,2025-07-31
2025-03-25,897,181,7613,1337,2058,fill,,,,,,,,,West Bank,2025-07-31
2025-03-26,897,181,7613,1337,2058,fill,,,,,,,,,West Bank,2025-07-31
2025-03-27,897,181,7613,1337,2058,fill,,,,,,,,,West Bank,2025-07-31
2025-03-28,897,181,7613,1337,2058,fill,,,,,,,,,West Bank,2025-07-31
2025-03-29,897,181,7613,1337,2058,fill,,,,,,,,,West Bank,2025-07-31
2025-03-30,897,181,7613,1337,2058,fill,,,,,,,,,West Bank,2025-07-31
2025-03-31,897,181,7613,1337,2058,fill,,,,,,,,,West Bank,2025-07-31
2025-04-01,897,181,7613,1337,2058,fill,,,,,,,,,West Bank,2025-07-31
2025-04-02,897,181,7613,1337,2058,fill,,,,,,,,,West Bank,2025-07-31
2025-04-03,897,181,7613,1337,2058,fill,,,,,,,,,West Bank,2025-07-31
2025-04-04,897,181,7613,1337,2058,fill,,,,,,,,,West Bank,2025-07-31
2025-04-05,897,181,7613,1337,2058,fill,,,,,,,,,West Bank,2025-07-31
2025-04-06,897,181,7613,1337,2058,fill,,,,,,,,,West Bank,2025-07-31
2025-04-07,906,183,7743,1371,2102,un,,,,,,,,,West Bank,2025-07-31
2025-04-08,906,183,7743,1371,2102,fill,,,,,,,,,West Bank,2025-07-31
2025-04-09,906,183,7743,1371,2102,fill,,,,,,,,,West Bank,2025-07-31
2025-04-10,906,183,7743,1371,2102,fill,,,,,,,,,West Bank,2025-07-31
2025-04-11,906,183,7743,1371,2102,fill,,,,,,,,,West Bank,2025-07-31
2025-04-12,906,183,7743,1371,2102,fill,,,,,,,,,West Bank,2025-07-31
2025-04-13,906,183,7743,1371,2102,fill,,,,,,,,,West Bank,2025-07-31
2025-04-14,908,184,7853,1392,2118,un,,,,,,,,,West Bank,2025-07-31
2025-04-15,908,184,7853,1392,2118,fill,,,,,,,,,West Bank,2025-07-31
2025-04-16,908,184,7853,1392,2118,fill,,,,,,,,,West Bank,2025-07-31
2025-04-17,908,184,7853,1392,2118,fill,,,,,,,,,West Bank,2025-07-31
2025-04-18,908,184,7853,1392,2118,fill,,,,,,,,,West Bank,2025-07-31
2025-04-19,908,184,7853,1392,2118,fill,,,,,,,,,West Bank,2025-07-31
2025-04-20,908,184,7853,1392,2118,fill,,,,,,,,,West Bank,2025-07-31
2025-04-21,914,185,7885,1404,2141,un,,,,,,,,,West Bank,2025-07-31
2025-04-22,914,185,7885,1404,2141,fill,,,,,,,,,West Bank,2025-07-31
2025-04-23,914,185,7885,1404,2141,fill,,,,,,,,,West Bank,2025-07-31
2025-04-24,914,185,7885,1404,2141,fill,,,,,,,,,West Bank,2025-07-31
2025-04-25,914,185,7885,1404,2141,fill,,,,,,,,,West Bank,2025-07-31
2025-04-26,914,185,7885,1404,2141,fill,,,,,,,,,West Bank,2025-07-31
2025-04-27,914,185,7885,1404,2141,fill,,,,,,,,,West Bank,2025-07-31
2025-04-28,917,187,7934,1414,2155,un,,,,,,,,,West Bank,2025-07-31
2025-04-29,917,187,7934,1414,2155,fill,,,,,,,,,West Bank,2025-07-31
2025-04-30,917,187,7934,1414,2155,fill,,,,,,,,,West Bank,2025-07-31
2025-05-01,917,187,7934,1414,2155,fill,,,,,,,,,West Bank,2025-07-31
2025-05-02,917,187,7934,1414,2155,fill,,,,,,,,,West Bank,2025-07-31
2025-05-03,917,187,7934,1414,2155,fill,,,,,,,,,West Bank,2025-07-31
2025-05-04,917,187,7934,1414,2155,fill,,,,,,,,,West Bank,2025-07-31
2025-05-05,920,187,7991,1420,2168,un,,,,,,,,,West Bank,2025-07-31
2025-05-06,920,187,7991,1420,2168,fill,,,,,,,,,West Bank,2025-07-31
2025-05-07,920,187,7991,1420,2168,fill,,,,,,,,,West Bank,2025-07-31
2025-05-08,920,187,7991,1420,2168,fill,,,,,,,,,West Bank,2025-07-31
2025-05-09,920,187,7991,1420,2168,fill,,,,,,,,,West Bank,2025-07-31
2025-05-10,920,187,7991,1420,2168,fill,,,,,,,,,West Bank,2025-07-31
2025-05-11,920,187,7991,1420,2168,fill,,,,,,,,,West Bank,2025-07-31
2025-05-12,924,187,8095,1436,2182,un,,,,,,,,,West Bank,2025-07-31
2025-05-13,924,187,8095,1436,2182,fill,,,,,,,,,West Bank,2025-07-31
2025-05-14,924,187,8095,1436,2182,fill,,,,,,,,,West Bank,2025-07-31
2025-05-15,924,187,8095,1436,2182,fill,,,,,,,,,West Bank,2025-07-31
2025-05-16,924,187,8095,1436,2182,fill,,,,,,,,,West Bank,2025-07-31
2025-05-17,924,187,8095,1436,2182,fill,,,,,,,,,West Bank,2025-07-31
2025-05-18,924,187,8095,1436,2182,fill,,,,,,,,,West Bank,2025-07-31
2025-05-19,932,187,8140,1436,2210,un,,,,,,,,,West Bank,2025-07-31
2025-05-20,932,187,8140,1436,2210,fill,,,,,,,,,West Bank,2025-07-31
2025-05-21,932,187,8140,1436,2210,fill,,,,,,,,,West Bank,2025-07-31
2025-05-22,932,187,8140,1436,2210,fill,,,,,,,,,West Bank,2025-07-31
2025-05-23,932,187,8140,1436,2210,fill,,,,,,,,,West Bank,2025-07-31
2025-05-24,932,187,8140,1436,2210,fill,,,,,,,,,West Bank,2025-07-31
2025-05-25,932,187,8140,1436,2210,fill,,,,,,,,,West Bank,2025-07-31
2025-05-26,932,187,8155,1438,2235,un,,,,,,,,,West Bank,2025-07-31
2025-05-27,932,187,8155,1438,2235,fill,,,,,,,,,West Bank,2025-07-31
2025-05-28,932,187,8155,1438,2235,fill,,,,,,,,,West Bank,2025-07-31
2025-05-29,932,187,8155,1438,2235,fill,,,,,,,,,West Bank,2025-07-31
2025-05-30,932,187,8155,1438,2235,fill,,,,,,,,,West Bank,2025-07-31
2025-05-31,932,187,8155,1438,2235,fill,,,,,,,,,West Bank,2025-07-31
2025-06-01,932,187,8155,1438,2235,fill,,,,,,,,,West Bank,2025-07-31
2025-06-02,936,188,8228,1453,2267,un,,,,,,,,,West Bank,2025-07-31
2025-06-03,936,188,8228,1453,2267,fill,,,,,,,,,West Bank,2025-07-31
2025-06-04,936,188,8228,1453,2267,fill,,,,,,,,,West Bank,2025-07-31
2025-06-05,936,188,8228,1453,2267,fill,,,,,,,,,West Bank,2025-07-31
2025-06-06,936,188,8228,1453,2267,fill,,,,,,,,,West Bank,2025-07-31
2025-06-07,936,188,8228,1453,2267,fill,,,,,,,,,West Bank,2025-07-31
2025-06-08,936,188,8228,1453,2267,fill,,,,,,,,,West Bank,2025-07-31
2025-06-09,936,188,8228,1453,2267,fill,,,,,,,,,West Bank,2025-07-31
2025-06-10,936,188,8228,1453,2267,fill,,,,,,,,,West Bank,2025-07-31
2025-06-11,936,188,8228,1453,2267,fill,,,,,,,,,West Bank,2025-07-31
2025-06-12,936,188,8228,1453,2267,fill,,,,,,,,,West Bank,2025-07-31
2025-06-13,936,188,8228,1453,2267,fill,,,,,,,,,West Bank,2025-07-31
2025-06-14,936,188,8228,1453,2267,fill,,,,,,,,,West Bank,2025-07-31
2025-06-15,936,188,8228,1453,2267,fill,,,,,,,,,West Bank,2025-07-31
2025-06-16,941,188,8368,1478,2313,un,,,,,,,,,West Bank,2025-07-31
2025-06-17,941,188,8368,1478,2313,fill,,,,,,,,,West Bank,2025-07-31
2025-06-18,941,188,8368,1478,2313,fill,,,,,,,,,West Bank,2025-07-31
2025-06-19,941,188,8368,1478,2313,fill,,,,,,,,,West Bank,2025-07-31
2025-06-20,941,188,8368,1478,2313,fill,,,,,,,,,West Bank,2025-07-31
2025-06-21,941,188,8368,1478,2313,fill,,,,,,,,,West Bank,2025-07-31
2025-06-22,941,188,8368,1478,2313,fill,,,,,,,,,West Bank,2025-07-31
2025-06-23,943,189,8434,1484,2336,un,,,,,,,,,West Bank,2025-07-31
2025-06-24,943,189,8434,1484,2336,fill,,,,,,,,,West Bank,2025-07-31
2025-06-25,943,189,8434,1484,2336,fill,,,,,,,,,West Bank,2025-07-31
2025-06-26,943,189,8434,1484,2336,fill,,,,,,,,,West Bank,2025-07-31
2025-06-27,943,189,8434,1484,2336,fill,,,,,,,,,West Bank,2025-07-31
2025-06-28,943,189,8434,1484,2336,fill,,,,,,,,,West Bank,2025-07-31
2025-06-29,943,189,8434,1484,2336,fill,,,,,,,,,West Bank,2025-07-31
2025-06-30,948,190,8483,1486,2364,un,,,,,,,,,West Bank,2025-07-31
2025-07-01,948,190,8483,1486,2364,fill,,,,,,,,,West Bank,2025-07-31
2025-07-02,948,190,8483,1486,2364,fill,,,,,,,,,West Bank,2025-07-31
2025-07-03,948,190,8483,1486,2364,fill,,,,,,,,,West Bank,2025-07-31
2025-07-04,948,190,8483,1486,2364,fill,,,,,,,,,West Bank,2025-07-31
2025-07-05,948,190,8483,1486,2364,fill,,,,,,,,,West Bank,2025-07-31
2025-07-06,948,190,8483,1486,2364,fill,,,,,,,,,West Bank,2025-07-31
2025-07-07,953,191,8570,1501,2391,un,,,,,,,,,West Bank,2025-07-31
2025-07-08,953,191,8570,1501,2391,fill,,,,,,,,,West Bank,2025-07-31
2025-07-09,953,191,8570,1501,2391,fill,,,,,,,,,West Bank,2025-07-31
2025-07-10,953,191,8570,1501,2391,fill,,,,,,,,,West Bank,2025-07-31
2025-07-11,953,191,8570,1501,2391,fill,,,,,,,,,West Bank,2025-07-31
2025-07-12,953,191,8570,1501,2391,fill,,,,,,,,,West Bank,2025-07-31
2025-07-13,953,191,8570,1501,2391,fill,,,,,,,,,West Bank,2025-07-31
2025-07-14,960,192,8685,1511,2421,un,,,,,,,,,West Bank,2025-07-31
2025-07-15,960,192,8685,1511,2421,fill,,,,,,,,,West Bank,2025-07-31
2025-07-16,960,192,8685,1511,2421,fill,,,,,,,,,West Bank,2025-07-31
2025-07-17,960,192,8685,1511,2421,fill,,,,,,,,,West Bank,2025-07-31
2025-07-18,960,192,8685,1511,2421,fill,,,,,,,,,West Bank,2025-07-31
2025-07-19,960,192,8685,1511,2421,fill,,,,,,,,,West Bank,2025-07-31
2025-07-20,960,192,8685,1511,2421,fill,,,,,,,,,West Bank,2025-07-31
2025-07-21,963,193,8730,1516,2448,un,,,,,,,,,West Bank,2025-07-31
2025-07-22,963,193,8730,1516,2448,fill,,,,,,,,,West Bank,2025-07-31
2025-07-23,963,193,8730,1516,2448,fill,,,,,,,,,West Bank,2025-07-31
2025-07-24,963,193,8730,1516,2448,fill,,,,,,,,,West Bank,2025-07-31
2025-07-25,963,193,8730,1516,2448,fill,,,,,,,,,West Bank,2025-07-31
2025-07-26,963,193,8730,1516,2448,fill,,,,,,,,,West Bank,2025-07-31
2025-07-27,963,193,8730,1516,2448,fill,,,,,,,,,West Bank,2025-07-31
2025-07-28,963,193,8730,1516,2448,fill,,,,,,,,,West Bank,2025-07-31
2025-07-29,963,193,8730,1516,2448,fill,,,,,,,,,West Bank,2025-07-31
