name,name_en,notes,region,fetched_at
محمد الصالحي,Mohammed al-Salhi,"Al-Salhi, a photojournalist working for the Fourth Authority news agency, was shot dead near a Palestinian refugee camp in the central Gaza Strip, according to the Palestinian Authority’s official news agency Wafa, and the Journalist Support Committee (JSC), a nonprofit which promotes the rights of the media in the Middle East.",Gaza,2026-08-24
ابراهيم لافي,Ibrahim Lafi,"Ibrahim Mohammad Lafi, a photographer for Ain Media, was shot and killed at the Gaza Strip’s Erez Crossing into Israel, according to the Palestinian press freedom group MADA, the Beirut-based press freedom group SKeyes, and Al-Jazeera.",Gaza,2026-08-24
محمد جرغون,Mohammed Jarghoun,"Jarghoun, a journalist with Smart Media, was shot while reporting on the conflict in an area to the east of Rafah city in the southern Gaza Strip, according to the BBC and UNESCO.",Gaza,2026-08-24
أسعد شملخ,Asaad Shamlakh,"Shamlakh, a freelance journalist, was killed along with nine members of his family in an Israeli airstrike on their home in Sheikh Ijlin, a neighborhood in the southern Gaza Strip, according to the Beirut-based advocacy group The Legal Agenda and BBC Arabic.",Gaza,2026-08-24
سعيد الطويل,Said al-Taweel,"Al-Taweel, editor-in-chief of the Al-Khamsa News website, was killed when Israeli warplanes struck an area housing several media outlets in Gaza City’s Rimal district, according to the U.K.-based newspaper, The Independent, Al Jazeera, and the Palestinian Authority’s official news agency Wafa.",Gaza,2026-08-24
هشام النواجحة,Hisham al-Nawajha,"Alnwajha, a journalist with Khabar news agency, was injured when Israeli warplanes struck an area housing several media outlets in Gaza City’s Rimal district, according to the U.K.-based newspaper The Independent, Al Jazeera, and the Palestinian Authority’s official news agency Wafa. He died of his injuries later that day, according to the Palestinian press freedom group MADA, the Palestinian Journalists’ Syndicate, and Palestinian news website AlWatan Voice.",Gaza,2026-08-24
محمد أبو رزق,Mohammed Abu Rizq,,Gaza,2026-08-24
عائد النجار,Aed al-Najjar,,Gaza,2026-08-24
محمد أبو مطر,Mohammed Abu Matar,,Gaza,2026-08-24
رجب النقيب,Rajab al-Naqib,,Gaza,2026-08-24
أحمد شهاب,Ahmed Shehab,"A journalist for Sowt Al-Asra Radio (Radio Voice of the Prisoners), Shehab, along with his wife and three children, was killed in an Israeli airstrike on his house in Jabalia, in the northern Gaza Strip, according to the Palestinian Journalists’ Syndicate, Palestinian press freedom group MADA, and the London-based news website The New Arab.",Gaza,2026-08-24
عبدالرحمن شهاب,Abdel Shehab,,Gaza,2026-08-24
حسام مبارك,Hossam Mubarak,"Mubarak, a journalist for the Al Aqsa Radio, was killed in an Israeli airstrike in the northern Gaza Strip, according to the Beirut-based press freedom group Skeyes and the Palestinian Journalists’ Syndicate.",Gaza,2026-08-24
هاني المدهون,Hani al-Madhoun,,Gaza,2026-08-24
عصام بهار,Essam Bahar,"Bhar, a journalist for the Al-Aqsa TV, was killed in an Israeli airstrike in the northern Gaza Strip, according to TRT Arabia and the Cairo-based Arabic newspaper Shorouk News.",Gaza,2026-08-24
محمد بعلوشة,Mohammed Balousha,"Balousha, a journalist and the administrative and financial manager of the local media channel “Palestine Today” office in Gaza, was killed in an Israeli airstrike on the Al-Saftawi neighborhood in northern Gaza, reported Anadolu news agency and The Guardian.",Gaza,2026-08-24
عبدالهادي حبيب,Abdel Habib,"A journalist who worked for Al-Manara News Agency and HQ News Agency, Habib was killed along with several of his family members when a missile strike hit his house near the Zeitoun neighborhood, south of Gaza City, according to the Palestinian Journalists’ Syndicate and the independent Palestinian news organization International Middle East Media Center.",Gaza,2026-08-24
علي نسمان,Ali Nasman,,Gaza,2026-08-24
أنس أبو شمالة,Anas Abu Shamala,,Gaza,2026-08-24
سميح النادي,Samih al-Nadi,"A journalist and director for the  Al-Aqsa TV, Al-Nady was killed in an Israeli airstrike in the Gaza Strip, according to the Palestinian Journalists’ Syndicate and the Palestinian press agency Safa.",Gaza,2026-08-24
خليل أبو عاذرة,Khalil Abu Athira,"A videographer for the Al-Aqsa TV, Abu Aathra was killed along with his brother in an Israeli airstrike in Rafah in the southern Gaza Strip, as reported by the Palestinian Journalists’ Syndicate and the Amman-based news outlet Roya News.",Gaza,2026-08-24
محمود أبو ظريفة,Mahmoud Abu Zarifa,,Gaza,2026-08-24
محمد علي,Mohammed Ali,"A journalist from Al-Shabab Radio (Youth Radio), Ali was killed in an Israeli airstrike in the northern Gaza Strip, according to the Palestinian Journalists’ Syndicate and the Cairo-based Al-Dostor newspaper.",Gaza,2026-08-24
إيمان العقيلي,Iman al-Aqili,,Gaza,2026-08-24
محمد لبد,Mohammed Lubbad,"A journalist for the Al Resalah news website, Labad was killed in an Israeli airstrike on the Sheikh Radwan neighborhood in Gaza City, according to RT Arabic and the Palestinian Authority’s official news agency Wafa.",Gaza,2026-08-24
محمد الشوربجي,Mohammed al-Shorbaji,,Gaza,2026-08-24
رشدي السراج,Rushdi al-Siraj,"A journalist and co-founder of Ain Media, a Palestinian company specializing in professional media services, Sarraj was killed in an Israeli airstrike in the Gaza Strip, according to the Palestinian Authority’s official news agency Wafa and Sky News.",Gaza,2026-08-24
محمد الحسني,Mohammed al-Hosni,,Gaza,2026-08-24
سائد حلبي,Saed Halabi,"Al-Halabi, a journalist for the Al-Aqsa TV, was killed in an Israeli airstrike in the Jabalia refugee camp in the northern Gaza Strip, according to the Palestinian Journalists’ Syndicate, the Palestinian press freedom group MADA, and Al-Jazeera.",Gaza,2026-08-24
جمال الفقعاوي,Jamal al-Faqawi,"Al-Faqaawi, a Palestinian journalist for the Mithaq Media Foundation, was killed in an Israeli airstrike on his home in Khan Yunis in southern Gaza, according to Al-Jazeera, the Palestinian Journalists’ Syndicate, the Palestinian News Network, and the International Federation of Journalists.",Gaza,2026-08-24
أحمد أبو مهادي,Ahmed Abu Mahadi,"A journalist for the Al-Aqsa TV, Mhadi was killed in an Israeli airstrike in the Gaza Strip, according to the Palestinian Journalists’ Syndicate and Youm7.",Gaza,2026-08-24
ياسر أبو ناموس,Yasser Abu Namous,"Palestinian journalist Yasser Abu Namous of Al-Sahel media organization was killed in a strike on his family home in Khan Yunis, Gaza, according to the Palestinian Authority’s official news agency Wafa, Al-Jazeera, and the Al-Quds network.",Gaza,2026-08-24
سلمى مخيمر,Salma Mukhaymar,"Mkhaimer, a freelance journalist, was killed alongside her child in an Israeli airstrike in Rafah city in the southern Gaza Strip, according to the Palestinian Journalists’ Syndicate and the independent Egyptian online newspaper Mada Masr.",Gaza,2026-08-24
دعاء شرف,Duaa Sharaf,"Palestinian journalist Sharaf, host for the Radio Al-Aqsa, was killed with her child in a strike on her home in the Yarmouk neighborhood in Gaza, according to Anadolu news agency and Middle East Monitor.",Gaza,2026-08-24
سلام ميمة,Salam Maima,"The death of Mema, a freelance journalist, was confirmed on this date. Mema held the position of head of the Women Journalists Committee at the Palestinian Media Assembly, an organization committed to advancing media work for Palestinian journalists. Her body was recovered from the rubble three days after her home in the Jabalia refugee camp, situated in the northern Gaza Strip, was hit by an Israeli airstrike on October 10, according to the Palestinian Journalists’ Syndicate and the Palestinian Authority’s official news agency Wafa.",Gaza,2026-08-24
ماجد كشكو,Majid Kashkou,"Kashko, a media worker and the office director of the Palestine TV channel, was killed with his family members in an Israeli airstrike in the Gaza Strip, according to a statement issued by the channel, the Palestinian Authority’s official news agency Wafa, and the Palestinian Journalists’ Syndicate.",Gaza,2026-08-24
عماد الوحيدي,Imad al-Whaidi,"A media worker and administrator for the Palestine TV channel, Al-Wahidi was killed with his family members in an Israeli airstrike in the Gaza Strip, according to a statement issued by the channel, the Palestinian Authority’s official news agency Wafa, and the Palestinian Journalists’ Syndicate.",Gaza,2026-08-24
حذيفة النجار,Hudhaifa al-Najjar,,Gaza,2026-08-24
نظمي النديم,Nazmi al-Nadeem,"Al-Nadim, a deputy director of finance and administration for Palestine TV, was killed with members of his family in a strike on his home in Zeitoun area, eastern Gaza, according to the Palestinian Authority’s official news agency Wafa and Egypt’s state-run Middle East News Agency.",Gaza,2026-08-24
مجد عرندس,Majd Arandas,"A member of the Palestinian Journalists’ Syndicate who worked for the news website Al-Jamaheer, Arandas was killed in an Israeli airstrike in the Nuseirat refugee camp in the Gaza Strip, according to the Palestinian Journalists’ Syndicate and the Beirut-based press freedom group SKeyes.",Gaza,2026-08-24
اياد مطر,Iyad Matar,"Matar, a journalist working for the  Al-Aqsa TV, was killed along with his mother in an Israeli airstrike in the Gaza Strip, according to the Amman-based news outlet Roya News and the local channel Palestine Today.",Gaza,2026-08-24
محمد البياري,Mohammed al-Biari,"Al-Bayyari, a Palestinian journalist with the  Al-Aqsa TV channel, was killed in an Israeli airstrike on Gaza City, according to the Amman-based news outlet Roya News, the Palestinian Authority’s official news agency Wafa, the Palestinian Journalists’ Syndicate, and the International Federation of Journalists.",Gaza,2026-08-24
محمد أبو حطب,Mohammed Abu Hatab,"A journalist and correspondent for the broadcaster Palestine TV, Abu Hatab was killed along with 11 members of his family in an Israeli airstrike on their home in Khan Yunis, southern Gaza Strip, according to the Palestinian Authority’s official news agency Wafa and the Amman-based news outlet Roya News.",Gaza,2026-08-24
زاهر الأفغاني,Zaher al-Afghani,,Gaza,2026-08-24
مصطفى النقيب,Mustafa al-Naqib,,Gaza,2026-08-24
هيثم حرارة,Haitham Harara,,Gaza,2026-08-24
محمد الجاجة,Mohammed al-Jaja,"Al Jaja was a media worker and the organizational development consultant at Press House-Palestine, which owns Sawa news agency in Gaza and promotes press freedom and independent media. He was killed in a strike on his home along with his wife and two daughters in the Al-Naser neighborhood in northern Gaza, according to the London-based news website The New Arab, the Beirut-based press freedom group SKeyes, and the Palestinian Journalists’ Syndicate.",Gaza,2026-08-24
يحيى أبو منيع,Yahya Abu Manie,"A journalist with  Al-Aqsa radio channel, Abu Manih was killed in a strike in the Gaza strip, according to the Amman-based news outlet Roya News, Al-Jazeera, and the Beirut-based press freedom group SKeyes.",Gaza,2026-08-24
محمد أبو حصيرة,Mohammed Abu Hasira,"Abu Hassira, a journalist for the Wafa news agency, was killed in a strike on his home in Gaza along with 42 family members, according to the Palestinian Authority’s official news agency Wafa, the London-based news website The New Arab, and the Palestinian Journalists’ Syndicate.",Gaza,2026-08-24
محمود مطر,Mahmoud Matar,"Mohamed Fayez Abu Matar, a freelance photojournalist, was killed during an Israeli airstrike in Rafah city in the southern Gaza Strip, according to the Palestinian Journalists’ Syndicate and the Palestinian Authority’s official news agency Wafa.",Gaza,2026-08-24
أحمد القرا,Ahmed al-Qara,"Al-Qara, a photojournalist who worked for Al-Aqsa University and was also a freelancer, was killed in a strike at the entrance of Khuza’a town, east of the southern city of Khan Yunis, according to the Palestinian Journalists’ Syndicate and the Cairo-based Al-Dostor newspaper.",Gaza,2026-08-24
موسى البرش,Mousa al-Barsh,,Gaza,2026-08-24
أحمد فطيمة,Ahmed Fatima,"A photographer for the Egypt-based Al Qahera News TV and a media worker with Press House-Palestine, Fatima was killed in a strike in Gaza, according to Al Qahera News TV, the Egypt-based Ahram Online, the Palestinians Journalists’ Syndicate, and the Amman-based news outlet Roya News.",Gaza,2026-08-24
يعقوب البرش,Yaqoub al-Barsh,"Al-Barsh, executive director of the local Namaa Radio, was killed after sustaining injuries on November 12 from an Israeli airstrike on his home in northern Gaza, according to the Beirut-based press freedom group SKeyes, the Ramallah-based Palestinian news network SHFA, and the Palestinian press freedom group MADA.",Gaza,2026-08-24
عمرو أبو حية,Amr Abu Hayya,"A Palestinian media worker in the broadcast department of the  Al-Aqsa TV channel, Abu Hayah was killed in a strike in Gaza, according to the Amman-based news outlet Roya News and the Palestinian Journalists’ Syndicate.",Gaza,2026-08-24
مصطفى الصواف,Mustafa al-Sawwaf,"El Sawaf, a Palestinian writer and analyst who contributed to the local news website MSDR News, was killed in an Israeli airstrike on his home along with his wife and two of his sons in Shawa Square, Gaza City, according to the Beirut-based press freedom group SKeyes, the Palestinian Journalists’ Syndicate, and the Cairo-based Youm7.",Gaza,2026-08-24
عبدالحليم عوض,Abdul-halim Awad,"A Palestinian media worker and driver for the  Al-Aqsa TV, Awad was killed in a strike on his home in the Gaza Strip, according to the London-based Al-Ghad TV, the Palestinian Journalists’ Syndicate, and the Beirut-based press freedom group SKeyes. Awad had been working full-time since the beginning of the war in Khan Yunis and had left to visit his family last week, his colleague Ziad AlMokayyed told CPJ via messaging app.",Gaza,2026-08-24
ساري منصور,Sari Mansour,"Mansour, director of the Quds News Network, and his colleague and friend Hassouneh Salim were killed in an Israeli airstrike on the Bureij refugee camp in central Gaza, according to the Cairo-based Elwatan news, the Palestinian Journalists’ Syndicate, Al-Jazeera, and Anadolu news agency.",Gaza,2026-08-24
حسونة إسليم,Hassouna Esleem,"Salim, a Palestinian freelance photojournalist, was killed in an Israeli airstrike on the Bureij refugee camp in central Gaza, along with his colleague and friend Sari Mansour, according to the Amman-based news outlet Roya News, Al-Jazeera, and the Palestinian Journalists’ Syndicate.",Gaza,2026-08-24
بلال جادالله,Bilal Jadallah,"Jadallah, director of Press House-Palestine, a non-profit which supports the development of independent Palestinian media, was killed in his car in Gaza in an Israeli airstrike, according to the Palestinian Journalists’ Syndicate, Al Qahera News, and the Cairo-based Youm7.",Gaza,2026-08-24
محمد سعيد جاسر,Mohammed Said Jaser,,Gaza,2026-08-24
آيات خضورة,Ayat Khadoura,"Khadoura, a Palestinian freelance journalist and podcast presenter, was killed along with an unknown number of family members in an Israeli airstrike on her home in Beit Lahya in northern Gaza, according to the Beirut-based press freedom group SKeyes, the news website Arabi 21, and London-based Al-Ghad TV. Khadoura shared videos on social media about the situation in Gaza, including a November 6 video, which she called “my last message to the world” where she said, “We had big dreams but our dream now is to be killed in one piece so they know who we are.”",Gaza,2026-08-24
محمد الزق,Mohammed al-Zaq,"Al-Zaq, a Palestinian journalist and a social media manager for the Al-Quds TV, was killed in an Israeli airstrike on Shejaiya in northern Gaza, according to the Amman-based news outlet Roya News, the Ramallah-based news website Wattan TV, the Palestinian Journalists’ Syndicate, and the International Federation of Journalists.",Gaza,2026-08-24
عاصم البرش,Asem al-Barsh,,Gaza,2026-08-24
محمد عياش,Mohammed Ayyash,"Ayyash, a Palestinian journalist and a freelance photographer, was killed in an Israeli airstrike on his home in Nuseirat refugee camp in central Gaza, along with 20 members of his family, according to the Amman-based news outlet Roya News, the Palestinian Journalists’ Syndicate, and the Palestinian Authority’s official news agency Wafa.",Gaza,2026-08-24
مصطفى بكير,Mustafa Bekir,"Bakeer, a Palestinian journalist and cameraperson for the  Al-Aqsa TV, was killed in an Israeli airstrike in Rafah, southern Gaza, according to the  Al-Aqsa radio, the Palestinian Journalists’ Syndicate, and the International Federation of Journalists.",Gaza,2026-08-24
أمل زهد,Amal Zuhd,,Gaza,2026-08-24
مصعب عاشور,Musab Ashour,"Ashour, a Palestinian photographer, was killed during an attack on the Nuseirat refugee camp in the Gaza Strip but his death was not reported until November 18, soon after his body was discovered, according to the Palestinian Journalists’ Syndicate, TRT Arabi, and Anadolu news agency.",Gaza,2026-08-24
نادر النزلي,Nader al-Nazli,,Gaza,2026-08-24
جمال هنية,Jamal Haniya,,Gaza,2026-08-24
عبدالله درويش,Abdullah Darwish,"A Palestinian cameraman for the  Al-Aqsa TV, Darwish was killed in an Israeli airstrike in the Gaza Strip, according to the Amman-based news outlet Roya News, the Palestinian Journalists’ Syndicate, and the International Federation of Journalists.",Gaza,2026-08-24
منتصر الصواف,Muntasir al-Sawwaf,"Al-Sawaf, a Palestinian cameraman for Anadolu news agency, was killed in Israeli airstrikes in the Gaza Strip, according to Anadolu news agency, Middle East Monitor, and the International Federation of Journalists.",Gaza,2026-08-24
مروان الصواف,Marwan al-Sawwaf,,Gaza,2026-08-24
أدهم حسونة,Adham Hassouna,"Hassouna, a Palestinian freelance journalist and media professor at Gaza and Al-Aqsa universities, was killed, along with several family members in an Israeli airstrike in Gaza City, according to the Ramallah-based Palestinian news network SHF, the Beirut-based press freedom group SKeyes, and the Palestinian Journalists’ Syndicate.",Gaza,2026-08-24
محمد فرجالله,Mohammed Farajallah,,Gaza,2026-08-24
حذيفة لولو,Hudhaifa Lulu,,Gaza,2026-08-24
حسان فرجالله,Hassan Farajallah,"Farajallah, who held a senior position with the  Al-Quds TV, was killed by Israeli bombardment in the Gaza Strip, according to the Palestinian Journalists’ Syndicate and the International Federation of Journalists.",Gaza,2026-08-24
شيماء الجزار,Shaima al-Jazzar,"A Palestinian journalist for Al-Majedat network, El-Gazzar was killed along with her family members in an Israeli airstrike on Rafah city, southern Gaza, according to the Beirut-based press freedom group SKeyes and the Cairo-based media outlet Darb.",Gaza,2026-08-24
محمود سالم,Mahmoud Salem,,Gaza,2026-08-24
عبد الحميد القريناوي,Abdel Hamid al-Qrinawi,,Gaza,2026-08-24
حمادة اليازجي,Hamada al-Yaziji,,Gaza,2026-08-24
حسام عمار,Hossam Ammar,,Gaza,2026-08-24
علا عطاالله,Ola Atallah,"Atallah, a Palestinian freelance journalist who contributed to multiple media outlets, was killed in an Israeli airstrike on the house in which she and her family were taking refuge, in the El-Daraj area of Gaza City, northern Gaza, according to Arabi 21, Turkey’s Anadolu news agency, and the Palestinian Journalists’ Syndicate. Those sources said that Atallah was killed with nine members of her family, including her brother and her uncles. On November 27, Atallah wrote an article for the Al-Morasel website about life in Gaza during the war, describing the destruction and damage to her neighborhood and city. Atallah worked as a reporter for Anadolu news agency until 2017. Atallah was well-known on social media, and her last tweet on December 8 asked, “How many more nights of terror and death does Gaza have to count?”",Gaza,2026-08-24
دعاء الجبور,Duaa al-Jabour,"Jabbour, a Palestinian freelance journalist who worked with the local website Eyes Media Network, was killed in an Israeli airstrike on her home along with her husband and children in Khan Yunis, southern Gaza, according to the Palestinian Journalists’ Syndicate, the Beirut-based press freedom group SKeyes, Anadolu news agency, and the Qatar-funded London-based Al-Araby Al-Jadeed. In her last Facebook post, Jabbour wrote: “To survive everyday is exhausting.”",Gaza,2026-08-24
نرمين قواس,Nermeen Qawas,,Gaza,2026-08-24
محمد أبو سمرة,Mohammed Abu Samra,,Gaza,2026-08-24
عبد الكريم عودة,Abdel Karim Ouda,,Gaza,2026-08-24
أحمد أبو عبسة,Ahmed Abu Absah,,Gaza,2026-08-24
حنان عياد,Hanan Ayyad,,Gaza,2026-08-24
سامر أبو دقة,Samer Abu Daqqa,"Abu Daqqa, a camera operator for Al-Jazeera Arabic, was killed by a drone strike while covering the aftermath of nightly Israeli strikes on a United Nations school sheltering displaced people in the center of Khan Yunis, southern Gaza, according to Al-Jazeera and Reuters news agency. He was trapped with other injured people in the school, which was surrounded by Israeli forces, and was unable to be evacuated for treatment. His colleague, Al-Jazeera bureau chief Wael Al Dahdouh, was injured in the same strike.",Gaza,2026-08-24
رامي بدير,Rami Bdair,,Gaza,2026-08-24
عاصم كمال موسى,Asem Kamal Mousa,"Moussa, a Palestinian journalist who produced visual and written news reports for the local privately owned news website Palestine Now, was killed in an Israeli airstrike on Khan Yunis, southern Gaza, according to his outlet, Lebanon’s Hezbollah-affiliated broadcaster Al-Mayadeen, and the  Al-Aqsa radio channel.",Gaza,2026-08-24
علي عاشور,Ali Ashour,,Gaza,2026-08-24
مشعل شهوان,Mashal Shahwan,,Gaza,2026-08-24
حنين القطشان,Haneen al-Qatshan,"Kashtan, a Palestinian journalist who contributed to multiple media outlets including the local Fatah-affiliated Al-Kofiya TV and the local privately owned Baladna TV, was killed in an Israeli airstrike on Nuseirat refugee camp in northern Gaza, along with other family members, according to the Palestinian Journalists’ Syndicate, Al-Jazeera, and the Cairo-based Youm7.",Gaza,2026-08-24
عبدالله علوان,Abdullah Alwan,"Alwan, a Palestinian media worker and voice-over specialist who contributed to multiple media outlets including the Al-Jazeera owned platform Midan, Mugtama magazine, and Al-Jazeera, and was a radio host for the Islamic University’s Holy Quran Radio, was killed in an Israeli airstrike on his home in Jabalia, according to his outlet Midan, the  Al-Aqsa Radio, the local Palestinian newspaper Al-Hadath, and Amman-based Roya TV. In his last Facebook post on December 17, Alwan wrote that “On every morning, we say that last night was the worst night in the war… All days are worse than each other. This briefly describes the war.” On November 30, Alwan posted photos of damage to his home by Israeli bombing, saying two of his nieces were killed in the strikes.",Gaza,2026-08-24
عادل زعرب,Adel Zarab,"Zorob, a Palestinian freelance journalist who worked with multiple media outlets, including the  Al-Aqsa Voice Radio, was killed in an Israeli airstrike on his home in Rafah, southern Gaza, along with 25 family members, according to the Palestinian Journalists’ Syndicate, the Middle East Eye, the Palestinian Authority-run news agency Wafa, and the independent Wattan news agency. Zorob posted Gaza war news on his Facebook page and on WhatsApp news groups. The last news message was sent directly before his death, according to a WhatsApp screenshot CPJ viewed. The Zorob family were among the few Palestinians in Gaza who remained in their own homes in a war that has displaced some 1.9 million people — more than 80% of the territory’s population, according to the Associated Press.""",Gaza,2026-08-24
علاء أبو معمر,Alaa Abu Muammar,,Gaza,2026-08-24
محمد خليفة,Mohammed Khalifa,"Khalifeh, a media worker and director at the  Al-Aqsa TV channel was killed in an Israeli airstrike on his home in Nuseirat refugee camp in central Gaza, along his wife and three of his children, according to his outlet, Anadolu news agency, the Lebanese Hezbollah-affiliated Al-Mayadeen TV, and the privately owned news channel Al-Ghad TV.",Gaza,2026-08-24
محمد أبو هويدي,Mohammed Abu Huwaidi,"Abu Huwaidi, a 29-year-old Palestinian journalist working for the privately owned Al-Istiklal newspaper, was killed in an Israeli airstrike on the Shajaiah area in northern Gaza while covering the aftermath of the airstrikes, according to the Palestinian Journalists’ Syndicate, the Qatar-funded London-based pan Arab newspaper Al-Araby Al-Jadeed, the Beirut-based press freedom group SKeyes, and the Cairo-based independent website Daaarb.",Gaza,2026-08-24
أحمد جمال المدهون,Ahmed Jamal al-Madhoun,"Al Madhoun, a Palestinian journalist and deputy director of the local newspaper and news agency Al-Rai and the director of visual content at the agency, was killed in an Israeli airstrike on northern Gaza, according to the  Quds Network, the Qatar-funded London-based pan Arab newspaper Al-Araby Al-Jadeed, and Anadolu news agency.",Gaza,2026-08-24
محمد عبد الخالق العف,Mohammed Abdel Khaliq al-Eff,"Al-Iff, a Palestinian journalist and photographer for the local newspaper and news agency Al-Rai, was killed in Israeli airstrikes on Gaza City, northern Gaza, along with an unspecified number of family members, according to the Beirut-based press freedom group SKeyes, the Qatar-funded London-based pan Arab newspaper Al-Araby Al-Jadeed, and the  Quds Network. Al-Iff’s cousin, journalist Mohamed Azzaytouniyah, was killed in the same strikes, according to a tweet by Al-Iff’s cousin Hammam.",Gaza,2026-08-24
محمد يونس الزيتونية,Mohammed Younis al-Zeitouniya,"Azzaytouniyah, a Palestinian media worker and a sound engineer for the local radio Al-Rai was killed in Israeli airstrikes on Gaza City, northern Gaza, along with unspecified number of family members including his father, according to a tweet by his brother Hammam, the outlet, the Qatar-funded London-based pan Arab newspaper Al-Araby Al-Jadeed, and the  Quds Network. His cousin, journalist Mohamad Al-Iff, was killed in the same strikes.",Gaza,2026-08-24
محمد خير الدين,Mohammed Khair al-Din,"Khaireddine, a Palestinian journalist who worked for the  Al-Aqsa TV, was killed in an Israeli airstrike on his family home in Beit Lahiya, northern Gaza, along with 12 family members, including his nephew Ahmed Khaireddine, according to the broadcaster Palestine Today, the Palestinian Journalists’ Syndicate, and Al-Jazeera.",Gaza,2026-08-24
أحمد خير الدين,Ahmed Khair al-Din,"Khaireddine, a Palestinian journalist and a cameraman for the  Quds Al-Youm TV, and a reporter for the  Quds feed, was killed in an Israeli airstrike on his family home in Beit Lahiya, northern Gaza, along with 12 family members, including his uncle Mohamed Khaireddine, according to the broadcaster Palestine Today, the Palestinian Journalists’ Syndicate, and Al-Jazeera. Khaireddine’s brother, Basil, who was a reporter for the Palestine Today broadcaster, spoke about his brother’s killing to the channel, in a video that spread virally. Basil said that Ahmed wanted to take a day off work for the first time in 82 days and didn’t want to leave the house to report when Basil asked him to go with him, adding: “He wanted to rest, but apparently his rest was forever.”",Gaza,2026-08-24
جبر أبو هدروس,Jabr Abu Hadrous,"Abu Hadrous, a Palestinian journalist and a reporter for the  Quds Al-Youm broadcaster, was killed in an Israeli airstrike on his home in Nuseirat refugee camp, northern Gaza, along with seven members of his family, according to Al-Jazeera, Hezbollah-affiliated Al-Mayadeen, and the privately owned government-affiliated Al-Ghad newspaper in Jordan.",Gaza,2026-08-24
أكرم الشافعي,Akram al-Shafei,serious injury he sustained during an Israeli siege of Al-Shifa Medical Complex in Gaza City,Gaza,2026-08-24
حمزة وائل الدحدوح,Hamza Wael al-Dahdouh,"Al Dahdouh, a Palestinian journalist and camera operator for Al-Jazeera, and the son of Al-Jazeera Gaza bureau chief Wael Al Dahdouh, was killed in an Israeli drone strike along with freelance journalist Mustafa Thuraya. They were driving to an assignment in southern Gaza when the strike occurred, according to Al-Jazeera and the BBC.",Gaza,2026-08-24
مصطفى ثريا,Mustafa Thuraya,"Thuraya, a Palestinian freelance videographer working for Agence France-Presse (AFP), was killed in an Israeli drone strike along with  Al-Jazeera journalist Hamza Al Dahdouh. They were driving to an assignment in southern Gaza when the strike occurred, according to Al-Jazeera, BBC, and AFP.",Gaza,2026-08-24
علي سالم أبو عجوة,Ali Salem Abu Ajwa,bombed in Gaza City,Gaza,2026-08-24
عبدالله بريص,Abdullah Breis,,Gaza,2026-08-24
محمد أبو داير,Mohammed Abu Dayer,,Gaza,2026-08-24
أحمد بدير,Ahmed Bdair,"Bdeir, a Palestinian journalist working for the local news website Bawabat al-Hadaf, was killed in an Israeli airstrike in Khan Yunis, close to the Aqsa Martyrs hospital. Bdeir was standing in front of the journalists’ tent at the hospital gate and died when a shrapnel hit him, according to Al-Jazeera, The New Arab, and the Beirut based press freedom group SKeyes. His outlet said that he worked relentlessly during the war to cover the news. Bawabat al-Hadaf is affiliated with The Popular Front for the Liberation of Palestine.",Gaza,2026-08-24
شريف عكاشة,Sharif Okasha,,Gaza,2026-08-24
هبة العبادلة,Heba al-Abadla,,Gaza,2026-08-24
فؤاد أبو خماش,Fuad Abu Khammash,,Gaza,2026-08-24
محمد الثلاثيني,Mohammed al-Thalathini,"Al-Thalathini, a Palestinian journalist who worked for the  Al-Quds Al-Youm broadcaster, was killed in an Israeli airstrike on his home in south Gaza, according to the  Al-Aqsa Voice Radio, the broadcaster Palestine Today, and the Qatari-funded newspaper Al-Araby Al-Jadeed.",Gaza,2026-08-24
يزن الزويدي,Yazan al-Zuwaidi,"Al-Zuweidi, a Palestinian journalist and camera operator for the privately owned Cairo-based broadcaster Al-Ghad, was killed, along with his brother and cousin, in an Israeli airstrike on Beit Hanoun in northern Gaza while al-Zuweidi was on his way to see what happened to his home in the aftermath of heavy bombing, according to his employer, the Beirut based press freedom group SKeyes, The New Arab, and the Palestinian Journalists’ Syndicate. Al-Zuweidi, 27, had been working with Al-Ghad for six years, and covered the war and various other events in Gaza, according to the broadcaster. Al-Ghad said that Al-Zuweidi didn’t stop reporting on the ongoing war; he kept filming from northern Gaza and sending footage to the channel after it was impossible for him to evacuate south to Rafah.",Gaza,2026-08-24
وائل رجب أبو فنونة,Wael Rajab Abu Fanuna,Director General of Al-Quds Al-Youm Satellite Channel May,Gaza,2026-08-24
إياد أحمد الرواغ,Iyad Ahmed al-Rawwagh,"El-Ruwagh, a Palestinian journalist who worked as a host for the  Al-Aqsa Voice Radio, was killed in an Israeli airstrike on Nuseirat camp in northern Gaza, along with four of his children, according to multiple media reports, a tweet by his outlet, the Palestinian Journalists’ Syndicate, and the Beirut-based press freedom group SKeyes. El-Ruwagh was buried on January 26, according to Al-Jazeera. Prior to his death, he posted on Facebook about his family’s dire conditions, asking for someone who was leaving Gaza to take his toddler to his wife, who fled to Sinai, Egypt, with his son Mohamed following a previous airstrike that severely injured him. After El-Ruwagh’s death, his wife published Facebook posts about him and her slain children: Loay, Nada, Yazan, and the toddler, Ahmed.",Gaza,2026-08-24
عصام اللولو,Essam al-Lulu,Broadcaster and program presenter on Palestine TV,Gaza,2026-08-24
محمد عبد الفتاح عطاالله,Mohammed Abdel Fattah Atallah,"Atallah, a 24-year-old Palestinian editor for the local Al-Resalah news website and a writer for the regional independent website Raseef22, was killed in an Israeli airstrike on Beach refugee camp in northern Gaza City, along with an unidentified number of family members, according to a tweet by Raseef22 that included his last voice message, the local news agency Safa, the Palestinian Journalists’ Syndicate, and the International Federation of Journalists. Ayman Sharrouf, Raseef22’s political editor, told CPJ that Atallah “wrote for Raseef22 under his name and another pseudonym. He was particularly interested in the daily life stories of the Gazans, despite the siege on Gaza, the corruption, and the narrow political interests in the strip. When the war started, we started collaborating, and he wrote 3 pieces, but he lived in the north where there was intense bombing, and one of the Israeli airstrikes hit his parents’ house, which killed one of his brothers and all of his family members. Sharrouf told CPJ that “Atallah evacuated after surviving a lot of near-death situations. In his last correspondence with us, he told me that he’s safe and he wants to resume working soon, but I later learned about his death from the news.” Sharrouf added, “Mohammed was a very professional journalist. He wanted to relay the voices of the people. He worked hard on his pieces and was very keen on factual reporting of the daily life of Gaza’s people, despite all the challenges that a journalist like him faces. Unfortunately, he was killed before he got to do what he wanted in journalism; and the most horrific heartbreaking part was that he thought he would survive.”",Gaza,2026-08-24
د. رزق الغرابلي,Dr. Rizq al-Ghurabli,"Director of the Palestinian Information Center in the Gaza Strip, killed as a result of the continuous targeting and bombing by the “Israeli” occupation of citizens’ homes in the Khan Yunis Governorate (south of the Gaza Strip)",Gaza,2026-08-24
نافذ عبد الجواد,Nafith Abdel Jawad,"Journalist at Palestine TV, killed as a result of the targeting and continuous bombing by The ""Israeli"" occupation of citizens' homes in the Central Governorate",Gaza,2026-08-24
آلاء حسن الهمص,Alaa Hassan al-Hums,Journalist at Sanad News Agency and other media sites,Gaza,2026-08-24
أنغام أحمد عدوان,Angham Ahmed Udwan,Journalist at the Libyan February Channel,Gaza,2026-08-24
د. زيد أبو زايد,Dr. Zaid Abu Zayed,"Director of the Holy Quran Radio - Islamic University, who was martyred in the bombing of a house in the Nuseirat camp, along with his wife and children",Gaza,2026-08-24
ياسر ممدوح,Yasser Mamdouh,,Gaza,2026-08-24
محمد رسلان شنيورة,Mohammed Ruslan Shanyoura,,Gaza,2026-08-24
محمود مشتهى,Mahmoud Mushtaha,,Gaza,2026-08-24
محمد تشرين ياغي,Mohammed Tishreen Yaghi,"photojournalist with several media outlets, was martyred in the bombing of a house in Al-Zawaida along with his family",Gaza,2026-08-24
مصعب أبو زايد,Musab Abu Zayed,"broadcaster and presenter on the Holy Quran Radio, was martyred in the bombing of a house in the Nuseirat camp with his family.",Gaza,2026-08-24
محمد خضر سلامة,Mohammed Khader Salama,"broadcaster and journalist on Al-Aqsa Satellite Channel, was martyred in the bombing of a house in the city of Deir al-Balah in the Central Governorate",Gaza,2026-08-24
محمد الريفي,Mohammed al-Rifi,"a photojournalist with several media outlets, was martyred as a result of his injury at the Kuwait Roundabout, southeast of Gaza Cit",Gaza,2026-08-24
عبدالرحمن صايمة,Abdel Sayma,,Gaza,2026-08-24
د. محمود عماد عيسى,Dr. Mahmoud Imad Issa,,Gaza,2026-08-24
عبد الوهاب عوني أبو عون,Abdel Wahab Awni Abu Aoun,"the photojournalist and editor, along with several media outlets, who were martyred in the occupation’s bombing of their home in the Maghazi camp in the center of Gaza Strip",Gaza,2026-08-24
محمد أبو سخيل,Mohammed Abu Skhail,"head of the editing department at the “Shams News” Foundation, was martyred during the crime of storming the Al-Shifa Hospital complex. Medical",Gaza,2026-08-24
محمد السيد أبو سخيل,Mohammed al-Sayed Abu Skhail,"broadcaster and editor at Sawt Al-Quds Radio, who was martyred during the crime of storming the Al-Shifa Medical",Gaza,2026-08-24
طارق السيد أبو سخيل,Tariq al-Sayed Abu Skhail,"a digital editor at Voice of Jerusalem Radio, was martyred during the crime of storming the Al-Shifa Medical Hospital complex",Gaza,2026-08-24
محمد بسام الجمل,Mohammed Bassam al-Jamal,Killed in bombing of his house in Rafah Governorate,Gaza,2026-08-24
مصطفى عياد,Mustafa Ayyad,"Worked as a photojournalist for several media outlets. He was killed in the occupation’s bombing of the Al-Zaytoun neighborhood, south of the city",Gaza,2026-08-24
بهاء عكاشة,Bahaa Okasha,"Photojournalist for Al-Aqsa Network. Killed in the bombing of his home in Jabalia camp, north of the Gaza Strip, where his wife and children were also killed.",Gaza,2026-08-24
هائل النجار,Hael al-Najjar,Al-Aqsa Media Network editor,Gaza,2026-08-24
محمود جحجوح,Mahmoud Jahjoh,Photojournalist for the Palestine Post website,Gaza,2026-08-24
معتز مصطفى الغفري,Mutaz Mustafa al-Ghafri,Photojournalist for the Ard Canaan website and the Palestinian Media Corporation,Gaza,2026-08-24
آمنة محمود حميد,Amna Mahmoud Hamid,Program presenter and journalist editor in a number of media outlets.,Gaza,2026-08-24
عبدالله أحمد الجمل,Abdullah Ahmed al-Jamal,Editor and journalist at Palestine Now Agency,Gaza,2026-08-24
أحلام عزات العجلة,Ahlam Izzat al-Ajla,A journalist in the Family Happiness magazine,Gaza,2026-08-24
دينا عبدالله البطنيجي,Dina Abdullah al-Batneiji,Journalist at Al-Thuraya Media Foundation,Gaza,2026-08-24
محمود قاسم,Mahmoud Qasim,Journalist at Palestine newspaper and its website “Palestine Online”,Gaza,2026-08-24
سليم الشرفا,Salim al-Sharafa,Program presenter and media personality on Al-Aqsa satellite channel,Gaza,2026-08-24
محمد محمود أبو شريعة,Mohammed Mahmoud Abu Shariah,Journalist and media professional at Shams News Agency,Gaza,2026-08-24
سعدي مدوخ,Saadi Madoukh,Director of Deep Shot Media Production Company,Gaza,2026-08-24
أديب سكر,Adeeb Sukkar,Media professional at Deep Shot Media Production Company,Gaza,2026-08-24
أمجد جحجوح,Amjad Jahjoh,Journalist and media professional at the Palestine Media Agency,Gaza,2026-08-24
وفاء أبو ضبعان,Wafaa Abu Dabaan,Producer and presenter of programs at the Islamic University Radio in Gaza,Gaza,2026-08-24
رزق أبو شكيان,Rizq Abu Shakyan,Journalist and media professional at the Palestine Media Agency,Gaza,2026-08-24
محمد منهل أبو عرمانة,Mohammed Manhal Abu Armana,,Gaza,2026-08-24
محمد عبدالله مشمش,Mohammed Abdullah Mishmish,Program Director at Sawt Al-Aqsa Radio,Gaza,2026-08-24
محمد أبو جاسر,Mohammed Abu Jaser,has been working as a journalist for years in several media outlets,Gaza,2026-08-24
معتصم محمود غراب,Mutasim Mahmoud Ghurab,worked as a journalist for years in several media outlets,Gaza,2026-08-24
حيدر إبراهيم المصدر,Haidar Ibrahim al-Masdar,Media researcher and specialist in media affairs,Gaza,2026-08-24
إسماعيل الغول,Ismail al-Ghoul,Al Jazeera correspondent in Gaza City,Gaza,2026-08-24
رامي الريفي,Rami al-Rifi,a photojournalist working for Al Jazeera Channel,Gaza,2026-08-24
محمد عيسى أبو سعادة,Mohammed Issa Abu Saada,A correspondent and field photojournalist for several media outlets,Gaza,2026-08-24
تميم أحمد أبو معمر,Tamim Ahmed Abu Muammar,Journalist editor at Palestine TV,Gaza,2026-08-24
عبدالله ماهر السوسي,Abdullah Maher al-Sousi,Journalist editor at Al-Aqsa TV,Gaza,2026-08-24
إبراهيم مروان محارب,Ibrahim Marwan Muharib,He works as a journalist and correspondent with several media outlets,Gaza,2026-08-24
حمزة عبدالرحمن مرتجى,Hamza Abdel Mortaja,worked as a photographer and journalist with several media outlets,Gaza,2026-08-24
علي نايف طعيمة,Ali Nayef Tuaima,worked as a journalist with several media outlets,Gaza,2026-08-24
محمد عبد الفتاح عبدربه,Mohammed Abdel Fattah Rabbo,works as a journalist with Al-Manara Media Company,Gaza,2026-08-24
عبدالله شكشك,Abdullah Shakshak,worked as a journalist with several Arab media outlets,Gaza,2026-08-24
وفاء علي العديني,Wafaa Ali al-Edeini,worked as a journalist with several English-language media outlets,Gaza,2026-08-24
حسن حمد,Hassan Hamad,works as a journalist for Media Town Media Company,Gaza,2026-08-24
محمد الطناني,Mohammed al-Tanani,works as a photojournalist for Al-Aqsa TV Channel,Gaza,2026-08-24
أيمن محمد رويشد,Ayman Mohammed Rweished,works as a photojournalist for Al-Aqsa TV Channel,Gaza,2026-08-24
سائد رضوان,Saed Radwan,,Gaza,2026-08-24
حمزة أبو سلمية,Hamza Abu Salmiya,,Gaza,2026-08-24
حنين محمود بارود,Haneen Mahmoud Baroud,,Gaza,2026-08-24
نادية عماد السيد,Nadia Imad al-Sayed,"works as a media professional, producer and presenter of programmes with radio stations and media outlets",Gaza,2026-08-24
عبدالرحمن سمير الطناني,Abdel Samir al-Tanani,worked as a journalist for Zaman and Sawt Al-Shaab radio stations and several media outlets,Gaza,2026-08-24
بلال محمد رجب,Bilal Mohammed Rajab,,Gaza,2026-08-24
خالد أبو زر,Khaled Abu Zir,,Gaza,2026-08-24
الزهراء محمد أبو سخيل,Al-Zahraa Mohammed Abu Skhail,works as a journalist for the Al-Ilamiya News Network,Gaza,2026-08-24
أحمد محمد أبو سخيل,Ahmed Mohammed Abu Skhail,works as a journalist for the Media News Network,Gaza,2026-08-24
مصطفى خضر بحر,Mustafa Khader Bahr,"worked as a correspondent and journalist for the Ajil Palestine Agency (killed 31/3/2024 near the Kuwait roundabout, south of Gaza City)",Gaza,2026-08-24
عبدالرحمن خضر بحر,Abdel Khader Bahr,"worked as a photojournalist for Ajil Palestine Agency (killed 6/10/2024 in Al-Karama neighborhood, northwest of Gaza)",Gaza,2026-08-24
وائل إبراهيم أبو قفة,Wael Ibrahim Abu Qaffa,Lecturer in the Department of Journalism and Media at the Islamic University and works as a journalist at the Holy Quran Educational Radio - Voice of the Islamic University,Gaza,2026-08-24
علاء فوزي برهوم,Alaa Fawzi Barhoum,works as a journalist editor with many media institutions,Gaza,2026-08-24
ممدوح إبراهيم قنيطة,Mamdouh Ibrahim Quneitah,works as a journalist editor for Al-Aqsa satellite channel,Gaza,2026-08-24
ميسرة أحمد صلاح,Maysara Ahmed Salah,works as a journalist for Quds News Network,Gaza,2026-08-24
إيمان حاتم الشنطي,Iman Hatem al-Shanti,"a broadcaster and journalist at Sawt Al-Aqsa Radio (killed by the ""Israeli"" occupation army by bombing a residential apartment in the Sheikh Radwan neighborhood in Gaza City)",Gaza,2026-08-24
محمد حامد بعلوشة,Mohammed Hamed Balousha,Al-Mashhad TV correspondent,Gaza,2026-08-24
محمد جبر القريناوي,Mohammed Jabr al-Qrinawi,Journalist Editor at Sanad News Agency,Gaza,2026-08-24
أحمد بكر اللوح,Ahmed Bakr al-Louh,Al Jazeera cameraman in the Central Governorate,Gaza,2026-08-24
فيصل أبو القمصان,Faisal Abu al-Qumsan,worked as a journalist correspondent for Al-Quds Al-Youm satellite channel,Gaza,2026-08-24
أيمن الجدي,Ayman al-Jadi,works as a photojournalist for Al-Quds Al-Youm satellite channel,Gaza,2026-08-24
إبراهيم الشيخ علي,Ibrahim al-Sheikh Ali,works as a journalist for Al-Quds Al-Youm satellite channel,Gaza,2026-08-24
محمد اللدعة,Mohammed Allduaah,worked as a journalist for Al-Quds Al-Youm satellite channel,Gaza,2026-08-24
فادي حسونة,Fadi Hassouna,worked as a journalist for Al-Quds Al-Youm satellite channel,Gaza,2026-08-24
عمر صلاح الديراوي,Omar Salah al-Dirawi,"worked as a photojournalist with a number of news agencies (Israeli army bombed his house, killing him along with his parents in the Al-Zawaida area)",Gaza,2026-08-24
سائد صبري نبهان,Saed Sabri Nabhan,worked as a photojournalist with Al-Ghad satellite channel and was killed by an Israeli sniper's bullets during press coverage in the new camp area in Al-Nuseirat camp (central Gaza Strip),Gaza,2026-08-24
محمد بشير التلمس,Mohammed Bashir al-Talmas,worked as a journalist editor for the Palestinian Press Agency (Safa); He was killed due to injuries sustained as a result of the targeting of the Sheikh Radwan neighborhood in Gaza City by Israeli aircraft,Gaza,2026-08-24
أحمد الشياح,Ahmed al-Shiyah,,Gaza,2026-08-24
آلاء أسعد هاشم,Alaa Asaad Hashim,,Gaza,2026-08-24
محمد منصور,Mohammed Mansour,correspondent for Palestine Today satellite channel,Gaza,2026-08-24
حسام شبات,Hossam Shbat,Al Jazeera Mubasher Correspondent - North Gaza,Gaza,2026-08-24
محمد صالح البردويل,Mohammed Saleh al-Bardawil,broadcaster at Sawt Al-Aqsa Radio,Gaza,2026-08-24
حلمي الفقعاوي,Hilmi al-Faqawi,works as a journalist for Palestine Today News Agency,Gaza,2026-08-24
أحمد منصور,Ahmed Mansour,worked as a journalist for Palestine Today News Agency,Gaza,2026-08-24
سعيد أمين أبو حسنين,Said Amin Abu Hassanein,worked for Sawt Al-Aqsa Radio,Gaza,2026-08-24
نور الدين مطر عبدو,Nour al-Din Matar Abdo,worked as a broadcaster and journalist editor for several media outlets; he was killed in the Al-Tuffah neighborhood east of Gaza City,Gaza,2026-08-24
يحيى صبيح,Yahya Sabeih,worked as a journalist for several media outlets,Gaza,2026-08-24
حسن عبد الفتاح اصليح,Hassan Abdel Fattah Isleih,"who worked as director of Alam24 News Agency; he was killed by Israel in a bombing that targeted him while he was receiving treatment inside Nasser Medical Complex, after he had been injured in a previous attempt on his life and was receiving treatment",Gaza,2026-08-24
حسن مرزوق سمور,Hassan Marzouk Sammour,"who worked as a broadcaster and presenter at Sawt Al-Aqsa Radio, and was killed by Israel in an airstrike that targeted him and his family members east of Khan Yunis Governorate (southern Gaza Strip)",Gaza,2026-08-24
أحمد أنور عبدالهادي الحلو,Ahmed Anwar Abdel al-Helou,who worked in the field of design and editing at Quds News Network,Gaza,2026-08-24
عبدالرحمن العبادلة,Abdel al-Abadla,who worked as a journalist with Al-Nahar News Agency and a number of media outlets,Gaza,2026-08-24
فاطمة رائد حسونة,Fatima Raed Hassouna,"who worked as a journalist for the Untold Palestine platform and the Mondoweiss website. Hassouna was martyred, along with 10 of her relatives, when their family home in the Al-Tuffah neighborhood east of Gaza City was bombed on April 16, 2025. She was martyred one day after her documentary film was announced as a winner at the Cannes Film Festival.",Gaza,2026-08-24
حسان مجدي أبو وردة,Hassan Majdi Abu Warda,"director of the ""Barq Gaza"" news agency; was killed along with a number of his family members after Israel bombed their home in the Jabalia al-Nazla area (northern Gaza Strip)",Gaza,2026-08-24
معتز محمد رجب,Mutaz Mohammed Rajab,who worked as a cameraman and editor for Al-Quds Al-Youm satellite channel,Gaza,2026-08-24
سليمان حجاج,Suleiman Hajjaj,who worked as a reporter and editor for Palestine Today satellite channel,Gaza,2026-08-24
إسماعيل بدح,Ismail Badah,who worked as a photographer for Palestine Today satellite channel,Gaza,2026-08-24
سمير الرفاعي,Samir al-Rifai,who worked as an editor at Shams News Agency,Gaza,2026-08-24
يوسف النخالة,Yousef النخالة,"who worked as a journalist for the National News Agency and was killed on Saturday, May 31, 2025",Gaza,2026-08-24
أحمد قلجة,Ahmed Qaljah,who worked as a cameraman with Al-Arabiya TV,Gaza,2026-08-24
مؤمن محمد أبو العوف,Mumin Mohammed Abu al-Awf,"who worked as a photojournalist with several media outlets, was killed along with three paramedics during a humanitarian mission east of Gaza City",Gaza,2026-08-24
إسماعيل أبو حطب,Ismail Abu Hatab,who worked as a photojournalist with several media platforms and various media outlets and organized several photo exhibitions outside Palestine to convey the catastrophic reality of what is happening in the Gaza Strip,Gaza,2026-08-24
أحمد سلامة أبو عيشة,Ahmed Salama Abu Aishah,"who worked as a journalist editor for Palestine Today News Agency, was killed as a result of being directly targeted by Israeli occupation drones, in front of his home in the Al-Sawarah area, west of Al-Nuseirat camp, in the central Gaza Strip",Gaza,2026-08-24
تامر الزعانين,Tamer al-Zaanin,who worked as a photojournalist with several media outlets,Gaza,2026-08-24
ولاء الجعبري,Walaa al-Jabari,who worked as a newspaper editor with several media outlets,Gaza,2026-08-24
آدم أبو هربيد,Adam Abu Harbid,who worked as a photojournalist with several media outlets,Gaza,2026-08-24
أنس الشريف,Anas al-Sharif,"Al Jazeera correspondent, who was killed in a direct bombing of a journalist tent near Al-Shifa Hospital in Gaza City",Gaza,2026-08-24
محمد قريقع,Mohammed Quraiqa,"Al Jazeera correspondent, who was killed in a direct bombing of a journalist tent near Al-Shifa Hospital in Gaza City",Gaza,2026-08-24
إبراهيم ظاهر,Ibrahim Zaher,"photojournalist, who was killed in a direct bombing of a journalist tent near Al-Shifa Hospital in Gaza City",Gaza,2026-08-24
مؤمن عليوة,Mumin Eliwa,"photojournalist, who was killed in a direct bombing of a journalist tent near Al-Shifa Hospital in Gaza City",Gaza,2026-08-24
محمد نوفل,Mohammed Nawfal,"assistant photojournalist, who was killed in a direct bombing of a journalist tent near Al-Shifa Hospital in Gaza City",Gaza,2026-08-24
محمد الخالدي,Mohammed al-Khalidi,who was killed in a direct bombing of a journalist tent near Al-Shifa Hospital in Gaza City,Gaza,2026-08-24
إسلام الكومي,Islam al-Komi,who worked as a journalist and content creator with several media platforms,Gaza,2026-08-24
خالد محمد المدهون,Khaled Mohammed al-Madhoun,,Gaza,2026-08-24
حسام المصري,Hossam al-Masri,who worked as a photojournalist with Reuters News Agency,Gaza,2026-08-24
محمد سلامة,Mohammed Salama,who worked as a photojournalist with Al Jazeera Channel,Gaza,2026-08-24
مريم أبو دقة,Mariam Abu Daqqa,"who worked as a journalist with several media outlets, including Independent Arabia and AP",Gaza,2026-08-24
معاذ أبو طه,Muath Abu Taha,who worked as a journalist with the American NBC network,Gaza,2026-08-24
أحمد أبو عزيز,Ahmed Abu Aziz,who worked as a journalist with Quds Feed Network and other media outlets,Gaza,2026-08-24
حسن دوحان,Hassan Douhan,who worked as a journalist for Al-Hayat Al-Jadida newspaper,Gaza,2026-08-24
إسلام محارب عابد,Islam Muharib Abed,who worked as a reporter for Al-Quds Al-Youm satellite channel,Gaza,2026-08-24
رسمي جهاد سالم,Rasmi Jihad Salem,who worked as a photojournalist for Al-Manara Media Company,Gaza,2026-08-24
محمد الكويفي,Mohammed al-Kuwaifi,who worked as a journalist for Shehab News Agency,Gaza,2026-08-24
أيمن هنية,Ayman Haniya,who worked as a photographer and broadcast engineer at Al-Manara Media Agency,Gaza,2026-08-24
إيمان الزاملي,Iman al-Zamli,who worked as a journalist for Palestine News Network,Gaza,2026-08-24
محمد الداية,Mohammed al-Daya,who works as a journalist at the Palestinian Information Center,Gaza,2026-08-24
سامي داود,Sami Daoud,who worked as a journalist for Rawafed TV,Gaza,2026-08-24
يحيى محمد برزق,Yahya Mohammed Barzaq,who worked with several media outlets,Gaza,2026-08-24
صالح الجعفراوي,Saleh al-Jafarawi,who worked as a journalist with several media outlets,Gaza,2026-08-24
محمد المنيراوي,Mohammed al-Munirawi,who worked as a journalist for the newspaper Falastin,Gaza,2026-08-24
محمود وادي,Mahmoud Wadi,who worked as a photojournalist with several local and international media outlets,Gaza,2026-08-24
عبد الرؤوف سمير شعت,Abdel Raouf Samir Shaat,who worked as a journalist with several media outlets,Gaza,2026-08-24
محمد صلاح قشطة,Mohammed Salah Qashta,who worked as a journalist with several media outlets,Gaza,2026-08-24
أنس عبدالله غنيم,Anas Abdullah Ghunaim,who worked as a journalist with several media outlets,Gaza,2026-08-24
آمال حماد شمالي,Amal Hammad Shamali,who worked as a correspondent for Qatar Radio,Gaza,2026-08-24
محمد سمير وشاح,Mohammed Samir Wishah,who worked as a reporter for Al Jazeera,Gaza,2026-08-24
